sid,A,B,C,D,Vth,out_mult,out_log
0,25,30,12,40,0,1,1
0,25,30,12,40,3,1,1
0,25,30,12,40,6,1,1
0,25,30,12,40,9,1,1
0,25,30,12,40,12,1,1
0,25,30,12,40,15,1,1
0,25,30,12,40,18,1,1
0,25,30,12,40,21,1,1
0,25,30,12,40,24,1,1
0,25,30,12,40,27,1,1
0,25,30,12,40,30,1,1
0,25,30,12,40,33,1,1
0,25,30,12,40,36,1,1
0,25,30,12,40,39,1,1
0,25,30,12,40,42,1,1
0,25,30,12,40,45,1,1
0,25,30,12,40,48,1,1
0,25,30,12,40,51,1,1
0,25,30,12,40,54,1,1
0,25,30,12,40,57,1,1
0,25,30,12,40,60,1,1
0,25,30,12,40,63,1,1
0,25,30,12,40,66,1,1
0,25,30,12,40,69,1,1
0,25,30,12,40,72,1,1
0,25,30,12,40,75,1,1
0,25,30,12,40,78,1,1
0,25,30,12,40,81,1,1
0,25,30,12,40,84,1,1
0,25,30,12,40,87,1,1
0,25,30,12,40,90,1,1
0,25,30,12,40,93,1,1
0,25,30,12,40,96,1,1
0,25,30,12,40,98,1,1
0,25,30,12,40,99,1,1
0,25,30,12,40,100,1,1
0,25,30,12,40,101,1,1
0,25,30,12,40,102,1,1
0,25,30,12,40,103,1,1
0,25,30,12,40,104,1,1
0,25,30,12,40,105,1,1
0,25,30,12,40,106,1,1
0,25,30,12,40,107,1,1
0,25,30,12,40,108,1,1
0,25,30,12,40,109,1,1
0,25,30,12,40,110,1,1
0,25,30,12,40,111,1,1
0,25,30,12,40,112,1,1
0,25,30,12,40,113,1,1
0,25,30,12,40,114,1,1
0,25,30,12,40,115,1,1
0,25,30,12,40,116,1,1
0,25,30,12,40,117,1,1
0,25,30,12,40,118,1,1
0,25,30,12,40,119,1,1
0,25,30,12,40,120,1,1
0,25,30,12,40,121,1,1
0,25,30,12,40,122,1,1
0,25,30,12,40,123,1,1
0,25,30,12,40,124,1,1
0,25,30,12,40,125,1,1
0,25,30,12,40,126,1,1
0,25,30,12,40,127,1,1
0,25,30,12,40,128,1,0
0,25,30,12,40,129,1,0
0,25,30,12,40,130,1,0
0,25,30,12,40,131,1,0
0,25,30,12,40,132,1,0
0,25,30,12,40,133,1,0
0,25,30,12,40,134,1,0
0,25,30,12,40,135,1,0
0,25,30,12,40,136,1,0
0,25,30,12,40,137,1,0
0,25,30,12,40,138,1,0
0,25,30,12,40,139,1,0
0,25,30,12,40,140,1,0
0,25,30,12,40,141,1,0
0,25,30,12,40,142,1,0
0,25,30,12,40,143,1,0
0,25,30,12,40,144,1,0
0,25,30,12,40,145,1,0
0,25,30,12,40,146,1,0
0,25,30,12,40,147,1,0
0,25,30,12,40,148,1,0
0,25,30,12,40,149,1,0
0,25,30,12,40,150,1,0
0,25,30,12,40,151,1,0
0,25,30,12,40,152,1,0
0,25,30,12,40,153,1,0
0,25,30,12,40,154,1,0
0,25,30,12,40,155,1,0
0,25,30,12,40,156,1,0
0,25,30,12,40,157,1,0
0,25,30,12,40,158,1,0
0,25,30,12,40,159,1,0
0,25,30,12,40,160,1,0
0,25,30,12,40,161,1,0
0,25,30,12,40,162,1,0
0,25,30,12,40,163,1,0
0,25,30,12,40,164,1,0
0,25,30,12,40,165,1,0
0,25,30,12,40,166,1,0
0,25,30,12,40,167,1,0
0,25,30,12,40,168,1,0
0,25,30,12,40,169,1,0
0,25,30,12,40,170,1,0
0,25,30,12,40,171,1,0
0,25,30,12,40,172,1,0
0,25,30,12,40,173,1,0
0,25,30,12,40,174,1,0
0,25,30,12,40,175,1,0
0,25,30,12,40,176,1,0
0,25,30,12,40,177,1,0
0,25,30,12,40,178,1,0
0,25,30,12,40,179,1,0
0,25,30,12,40,180,1,0
0,25,30,12,40,181,1,0
0,25,30,12,40,182,1,0
0,25,30,12,40,183,1,0
0,25,30,12,40,184,1,0
0,25,30,12,40,185,1,0
0,25,30,12,40,186,1,0
0,25,30,12,40,187,1,0
0,25,30,12,40,188,1,0
0,25,30,12,40,189,1,0
0,25,30,12,40,190,1,0
0,25,30,12,40,191,1,0
0,25,30,12,40,192,1,0
0,25,30,12,40,193,1,0
0,25,30,12,40,194,1,0
0,25,30,12,40,195,1,0
0,25,30,12,40,196,1,0
0,25,30,12,40,197,1,0
0,25,30,12,40,198,1,0
0,25,30,12,40,199,1,0
0,25,30,12,40,200,1,0
0,25,30,12,40,201,1,0
0,25,30,12,40,202,1,0
0,25,30,12,40,203,1,0
0,25,30,12,40,204,1,0
0,25,30,12,40,205,1,0
0,25,30,12,40,206,1,0
0,25,30,12,40,207,1,0
0,25,30,12,40,208,1,0
0,25,30,12,40,209,1,0
0,25,30,12,40,210,1,0
0,25,30,12,40,211,1,0
0,25,30,12,40,212,1,0
0,25,30,12,40,213,1,0
0,25,30,12,40,214,1,0
0,25,30,12,40,215,1,0
0,25,30,12,40,216,1,0
0,25,30,12,40,217,1,0
0,25,30,12,40,218,1,0
0,25,30,12,40,219,1,0
0,25,30,12,40,220,1,0
0,25,30,12,40,221,1,0
0,25,30,12,40,222,1,0
0,25,30,12,40,223,1,0
0,25,30,12,40,224,1,0
0,25,30,12,40,225,1,0
0,25,30,12,40,226,1,0
0,25,30,12,40,227,1,0
0,25,30,12,40,228,1,0
0,25,30,12,40,229,1,0
0,25,30,12,40,230,1,0
0,25,30,12,40,231,1,0
0,25,30,12,40,232,1,0
0,25,30,12,40,233,1,0
0,25,30,12,40,234,1,0
0,25,30,12,40,235,1,0
0,25,30,12,40,236,1,0
0,25,30,12,40,237,1,0
0,25,30,12,40,238,1,0
0,25,30,12,40,239,1,0
0,25,30,12,40,240,1,0
0,25,30,12,40,241,1,0
0,25,30,12,40,242,1,0
0,25,30,12,40,243,1,0
0,25,30,12,40,244,1,0
0,25,30,12,40,245,1,0
0,25,30,12,40,246,1,0
0,25,30,12,40,247,1,0
0,25,30,12,40,248,1,0
0,25,30,12,40,249,1,0
0,25,30,12,40,250,1,0
0,25,30,12,40,251,1,0
0,25,30,12,40,252,1,0
0,25,30,12,40,253,1,0
0,25,30,12,40,254,1,0
0,25,30,12,40,255,1,0
0,25,30,12,40,256,1,0
0,25,30,12,40,257,1,0
0,25,30,12,40,258,1,0
0,25,30,12,40,259,1,0
0,25,30,12,40,260,1,0
0,25,30,12,40,261,1,0
0,25,30,12,40,262,1,0
0,25,30,12,40,263,1,0
0,25,30,12,40,264,1,0
0,25,30,12,40,265,1,0
0,25,30,12,40,266,1,0
0,25,30,12,40,267,1,0
0,25,30,12,40,268,1,0
0,25,30,12,40,269,1,0
0,25,30,12,40,270,0,0
0,25,30,12,40,271,0,0
0,25,30,12,40,272,0,0
0,25,30,12,40,273,0,0
0,25,30,12,40,274,0,0
0,25,30,12,40,275,0,0
0,25,30,12,40,276,0,0
0,25,30,12,40,277,0,0
0,25,30,12,40,278,0,0
0,25,30,12,40,279,0,0
0,25,30,12,40,280,0,0
0,25,30,12,40,281,0,0
0,25,30,12,40,282,0,0
0,25,30,12,40,283,0,0
0,25,30,12,40,284,0,0
0,25,30,12,40,285,0,0
0,25,30,12,40,286,0,0
0,25,30,12,40,287,0,0
0,25,30,12,40,288,0,0
0,25,30,12,40,289,0,0
0,25,30,12,40,290,0,0
0,25,30,12,40,291,0,0
0,25,30,12,40,292,0,0
0,25,30,12,40,293,0,0
0,25,30,12,40,294,0,0
0,25,30,12,40,295,0,0
0,25,30,12,40,296,0,0
0,25,30,12,40,297,0,0
0,25,30,12,40,298,0,0
0,25,30,12,40,299,0,0
0,25,30,12,40,300,0,0
0,25,30,12,40,303,0,0
0,25,30,12,40,306,0,0
0,25,30,12,40,309,0,0
0,25,30,12,40,312,0,0
0,25,30,12,40,315,0,0
0,25,30,12,40,318,0,0
0,25,30,12,40,321,0,0
0,25,30,12,40,324,0,0
0,25,30,12,40,327,0,0
0,25,30,12,40,330,0,0
0,25,30,12,40,333,0,0
0,25,30,12,40,336,0,0
0,25,30,12,40,339,0,0
0,25,30,12,40,342,0,0
0,25,30,12,40,345,0,0
0,25,30,12,40,348,0,0
0,25,30,12,40,351,0,0
0,25,30,12,40,354,0,0
0,25,30,12,40,357,0,0
0,25,30,12,40,360,0,0
0,25,30,12,40,363,0,0
0,25,30,12,40,366,0,0
0,25,30,12,40,369,0,0
0,25,30,12,40,372,0,0
0,25,30,12,40,375,0,0
0,25,30,12,40,378,0,0
0,25,30,12,40,381,0,0
0,25,30,12,40,384,0,0
0,25,30,12,40,387,0,0
0,25,30,12,40,390,0,0
0,25,30,12,40,393,0,0
0,25,30,12,40,396,0,0
0,25,30,12,40,399,0,0
0,25,30,12,40,402,0,0
0,25,30,12,40,405,0,0
0,25,30,12,40,408,0,0
0,25,30,12,40,411,0,0
0,25,30,12,40,414,0,0
0,25,30,12,40,417,0,0
0,25,30,12,40,420,0,0
0,25,30,12,40,423,0,0
0,25,30,12,40,426,0,0
0,25,30,12,40,429,0,0
0,25,30,12,40,432,0,0
0,25,30,12,40,435,0,0
0,25,30,12,40,438,0,0
0,25,30,12,40,441,0,0
0,25,30,12,40,444,0,0
0,25,30,12,40,447,0,0
0,25,30,12,40,450,0,0
0,25,30,12,40,453,0,0
0,25,30,12,40,456,0,0
0,25,30,12,40,459,0,0
0,25,30,12,40,462,0,0
0,25,30,12,40,465,0,0
0,25,30,12,40,468,0,0
0,25,30,12,40,471,0,0
0,25,30,12,40,474,0,0
0,25,30,12,40,477,0,0
0,25,30,12,40,480,0,0
0,25,30,12,40,483,0,0
0,25,30,12,40,486,0,0
0,25,30,12,40,489,0,0
0,25,30,12,40,492,0,0
0,25,30,12,40,495,0,0
0,25,30,12,40,498,0,0
0,25,30,12,40,501,0,0
0,25,30,12,40,504,0,0
0,25,30,12,40,507,0,0
0,25,30,12,40,510,0,0
0,25,30,12,40,513,0,0
0,25,30,12,40,516,0,0
0,25,30,12,40,519,0,0
0,25,30,12,40,522,0,0
0,25,30,12,40,525,0,0
0,25,30,12,40,528,0,0
0,25,30,12,40,531,0,0
0,25,30,12,40,534,0,0
0,25,30,12,40,537,0,0
0,25,30,12,40,540,0,0
0,25,30,12,40,543,0,0
0,25,30,12,40,546,0,0
0,25,30,12,40,549,0,0
0,25,30,12,40,552,0,0
0,25,30,12,40,555,0,0
0,25,30,12,40,558,0,0
0,25,30,12,40,561,0,0
0,25,30,12,40,564,0,0
0,25,30,12,40,567,0,0
0,25,30,12,40,570,0,0
0,25,30,12,40,573,0,0
0,25,30,12,40,576,0,0
0,25,30,12,40,579,0,0
0,25,30,12,40,582,0,0
0,25,30,12,40,585,0,0
0,25,30,12,40,588,0,0
0,25,30,12,40,591,0,0
0,25,30,12,40,594,0,0
0,25,30,12,40,597,0,0
0,25,30,12,40,600,0,0
0,25,30,12,40,603,0,0
0,25,30,12,40,606,0,0
0,25,30,12,40,609,0,0
0,25,30,12,40,612,0,0
0,25,30,12,40,615,0,0
0,25,30,12,40,618,0,0
1,8,8,5,5,0,1,1
1,8,8,5,5,1,1,1
1,8,8,5,5,2,1,1
1,8,8,5,5,3,1,1
1,8,8,5,5,4,1,1
1,8,8,5,5,5,1,1
1,8,8,5,5,6,1,1
1,8,8,5,5,7,1,1
1,8,8,5,5,8,1,1
1,8,8,5,5,9,1,1
1,8,8,5,5,10,1,1
1,8,8,5,5,11,1,1
1,8,8,5,5,12,1,1
1,8,8,5,5,13,1,1
1,8,8,5,5,14,1,1
1,8,8,5,5,15,1,1
1,8,8,5,5,16,1,1
1,8,8,5,5,17,1,1
1,8,8,5,5,18,1,1
1,8,8,5,5,19,1,1
1,8,8,5,5,20,1,1
1,8,8,5,5,21,1,1
1,8,8,5,5,22,1,1
1,8,8,5,5,23,1,1
1,8,8,5,5,24,1,1
1,8,8,5,5,25,1,1
1,8,8,5,5,26,1,1
1,8,8,5,5,27,1,1
1,8,8,5,5,28,1,1
1,8,8,5,5,29,1,1
1,8,8,5,5,30,1,1
1,8,8,5,5,31,1,1
1,8,8,5,5,32,1,1
1,8,8,5,5,33,1,1
1,8,8,5,5,34,1,1
1,8,8,5,5,35,1,1
1,8,8,5,5,36,1,1
1,8,8,5,5,37,1,1
1,8,8,5,5,38,1,1
1,8,8,5,5,39,0,1
1,8,8,5,5,40,0,0
1,8,8,5,5,41,0,0
1,8,8,5,5,42,0,0
1,8,8,5,5,43,0,0
1,8,8,5,5,44,0,0
1,8,8,5,5,45,0,0
1,8,8,5,5,46,0,0
1,8,8,5,5,47,0,0
1,8,8,5,5,48,0,0
1,8,8,5,5,49,0,0
1,8,8,5,5,50,0,0
1,8,8,5,5,51,0,0
1,8,8,5,5,52,0,0
1,8,8,5,5,53,0,0
1,8,8,5,5,54,0,0
1,8,8,5,5,55,0,0
1,8,8,5,5,56,0,0
1,8,8,5,5,57,0,0
1,8,8,5,5,58,0,0
1,8,8,5,5,59,0,0
1,8,8,5,5,60,0,0
1,8,8,5,5,61,0,0
1,8,8,5,5,62,0,0
1,8,8,5,5,63,0,0
1,8,8,5,5,64,0,0
1,8,8,5,5,65,0,0
1,8,8,5,5,66,0,0
1,8,8,5,5,67,0,0
1,8,8,5,5,68,0,0
1,8,8,5,5,69,0,0
1,8,8,5,5,70,0,0
1,8,8,5,5,71,0,0
1,8,8,5,5,72,0,0
1,8,8,5,5,73,0,0
1,8,8,5,5,74,0,0
1,8,8,5,5,75,0,0
1,8,8,5,5,76,0,0
1,8,8,5,5,77,0,0
1,8,8,5,5,78,0,0
1,8,8,5,5,79,0,0
1,8,8,5,5,80,0,0
1,8,8,5,5,81,0,0
1,8,8,5,5,82,0,0
1,8,8,5,5,83,0,0
1,8,8,5,5,84,0,0
1,8,8,5,5,85,0,0
1,8,8,5,5,86,0,0
1,8,8,5,5,87,0,0
1,8,8,5,5,88,0,0
1,8,8,5,5,89,0,0
1,8,8,5,5,90,0,0
1,8,8,5,5,91,0,0
1,8,8,5,5,92,0,0
1,8,8,5,5,93,0,0
1,8,8,5,5,94,0,0
1,8,8,5,5,95,0,0
1,8,8,5,5,96,0,0
1,8,8,5,5,97,0,0
1,8,8,5,5,98,0,0
1,8,8,5,5,99,0,0
1,8,8,5,5,100,0,0
1,8,8,5,5,101,0,0
1,8,8,5,5,102,0,0
1,8,8,5,5,103,0,0
1,8,8,5,5,104,0,0
1,8,8,5,5,105,0,0
1,8,8,5,5,106,0,0
1,8,8,5,5,107,0,0
1,8,8,5,5,108,0,0
1,8,8,5,5,109,0,0
1,8,8,5,5,110,0,0
1,8,8,5,5,111,0,0
1,8,8,5,5,112,0,0
1,8,8,5,5,113,0,0
1,8,8,5,5,114,0,0
1,8,8,5,5,115,0,0
1,8,8,5,5,116,0,0
1,8,8,5,5,117,0,0
1,8,8,5,5,118,0,0
1,8,8,5,5,119,0,0
1,8,8,5,5,120,0,0
1,8,8,5,5,121,0,0
1,8,8,5,5,122,0,0
1,8,8,5,5,123,0,0
1,8,8,5,5,124,0,0
1,8,8,5,5,125,0,0
1,8,8,5,5,126,0,0
1,8,8,5,5,127,0,0
1,8,8,5,5,128,0,0
1,8,8,5,5,129,0,0
1,8,8,5,5,130,0,0
1,8,8,5,5,131,0,0
1,8,8,5,5,132,0,0
1,8,8,5,5,133,0,0
1,8,8,5,5,134,0,0
1,8,8,5,5,135,0,0
1,8,8,5,5,136,0,0
1,8,8,5,5,137,0,0
1,8,8,5,5,138,0,0
1,8,8,5,5,139,0,0
1,8,8,5,5,140,0,0
1,8,8,5,5,141,0,0
1,8,8,5,5,142,0,0
1,8,8,5,5,143,0,0
1,8,8,5,5,144,0,0
1,8,8,5,5,145,0,0
1,8,8,5,5,146,0,0
1,8,8,5,5,147,0,0
1,8,8,5,5,148,0,0
1,8,8,5,5,149,0,0
1,8,8,5,5,150,0,0
1,8,8,5,5,151,0,0
1,8,8,5,5,152,0,0
1,8,8,5,5,153,0,0
1,8,8,5,5,154,0,0
1,8,8,5,5,155,0,0
1,8,8,5,5,156,0,0
1,8,8,5,5,157,0,0
1,8,8,5,5,158,0,0
2,50,50,20,20,0,1,1
2,50,50,20,20,21,1,1
2,50,50,20,20,42,1,1
2,50,50,20,20,63,1,1
2,50,50,20,20,84,1,1
2,50,50,20,20,105,1,1
2,50,50,20,20,126,1,1
2,50,50,20,20,147,1,1
2,50,50,20,20,168,1,1
2,50,50,20,20,189,1,1
2,50,50,20,20,210,1,1
2,50,50,20,20,231,1,1
2,50,50,20,20,252,1,1
2,50,50,20,20,273,1,1
2,50,50,20,20,294,1,1
2,50,50,20,20,315,1,1
2,50,50,20,20,336,1,1
2,50,50,20,20,357,1,1
2,50,50,20,20,378,1,1
2,50,50,20,20,399,1,1
2,50,50,20,20,420,1,1
2,50,50,20,20,441,1,1
2,50,50,20,20,462,1,1
2,50,50,20,20,483,1,1
2,50,50,20,20,504,1,1
2,50,50,20,20,525,1,1
2,50,50,20,20,546,1,1
2,50,50,20,20,567,1,1
2,50,50,20,20,588,1,1
2,50,50,20,20,609,1,1
2,50,50,20,20,630,1,1
2,50,50,20,20,651,1,1
2,50,50,20,20,672,1,1
2,50,50,20,20,693,1,1
2,50,50,20,20,714,1,1
2,50,50,20,20,735,1,1
2,50,50,20,20,756,1,1
2,50,50,20,20,777,1,1
2,50,50,20,20,798,1,1
2,50,50,20,20,819,1,1
2,50,50,20,20,840,1,1
2,50,50,20,20,861,1,1
2,50,50,20,20,882,1,1
2,50,50,20,20,903,1,1
2,50,50,20,20,924,1,1
2,50,50,20,20,945,1,1
2,50,50,20,20,966,1,1
2,50,50,20,20,987,1,1
2,50,50,20,20,1008,1,1
2,50,50,20,20,1029,1,1
2,50,50,20,20,1050,1,1
2,50,50,20,20,1071,1,1
2,50,50,20,20,1092,1,1
2,50,50,20,20,1113,1,1
2,50,50,20,20,1134,1,1
2,50,50,20,20,1155,1,1
2,50,50,20,20,1176,1,1
2,50,50,20,20,1197,1,1
2,50,50,20,20,1218,1,1
2,50,50,20,20,1239,1,1
2,50,50,20,20,1260,1,1
2,50,50,20,20,1281,1,1
2,50,50,20,20,1302,1,1
2,50,50,20,20,1323,1,1
2,50,50,20,20,1344,1,1
2,50,50,20,20,1365,1,1
2,50,50,20,20,1386,1,1
2,50,50,20,20,1407,1,1
2,50,50,20,20,1428,1,1
2,50,50,20,20,1449,1,1
2,50,50,20,20,1470,1,1
2,50,50,20,20,1491,1,1
2,50,50,20,20,1512,1,1
2,50,50,20,20,1533,1,1
2,50,50,20,20,1554,1,1
2,50,50,20,20,1575,1,1
2,50,50,20,20,1596,1,1
2,50,50,20,20,1617,1,1
2,50,50,20,20,1638,1,1
2,50,50,20,20,1659,1,1
2,50,50,20,20,1680,1,1
2,50,50,20,20,1701,1,1
2,50,50,20,20,1722,1,1
2,50,50,20,20,1743,1,1
2,50,50,20,20,1762,1,1
2,50,50,20,20,1763,1,1
2,50,50,20,20,1764,1,1
2,50,50,20,20,1765,1,1
2,50,50,20,20,1766,1,1
2,50,50,20,20,1767,1,1
2,50,50,20,20,1768,1,1
2,50,50,20,20,1769,1,1
2,50,50,20,20,1770,1,1
2,50,50,20,20,1771,1,1
2,50,50,20,20,1772,1,1
2,50,50,20,20,1773,1,1
2,50,50,20,20,1774,1,1
2,50,50,20,20,1775,1,1
2,50,50,20,20,1776,1,1
2,50,50,20,20,1777,1,1
2,50,50,20,20,1778,1,1
2,50,50,20,20,1779,1,1
2,50,50,20,20,1780,1,1
2,50,50,20,20,1781,1,1
2,50,50,20,20,1782,1,1
2,50,50,20,20,1783,1,1
2,50,50,20,20,1784,1,1
2,50,50,20,20,1785,1,1
2,50,50,20,20,1786,1,1
2,50,50,20,20,1787,1,1
2,50,50,20,20,1788,1,1
2,50,50,20,20,1789,1,1
2,50,50,20,20,1790,1,1
2,50,50,20,20,1791,1,1
2,50,50,20,20,1792,1,0
2,50,50,20,20,1793,1,0
2,50,50,20,20,1794,1,0
2,50,50,20,20,1795,1,0
2,50,50,20,20,1796,1,0
2,50,50,20,20,1797,1,0
2,50,50,20,20,1798,1,0
2,50,50,20,20,1799,1,0
2,50,50,20,20,1800,1,0
2,50,50,20,20,1801,1,0
2,50,50,20,20,1802,1,0
2,50,50,20,20,1803,1,0
2,50,50,20,20,1804,1,0
2,50,50,20,20,1805,1,0
2,50,50,20,20,1806,1,0
2,50,50,20,20,1807,1,0
2,50,50,20,20,1808,1,0
2,50,50,20,20,1809,1,0
2,50,50,20,20,1810,1,0
2,50,50,20,20,1811,1,0
2,50,50,20,20,1812,1,0
2,50,50,20,20,1813,1,0
2,50,50,20,20,1814,1,0
2,50,50,20,20,1815,1,0
2,50,50,20,20,1816,1,0
2,50,50,20,20,1817,1,0
2,50,50,20,20,1818,1,0
2,50,50,20,20,1819,1,0
2,50,50,20,20,1820,1,0
2,50,50,20,20,1821,1,0
2,50,50,20,20,1822,1,0
2,50,50,20,20,1823,1,0
2,50,50,20,20,1824,1,0
2,50,50,20,20,1825,1,0
2,50,50,20,20,1826,1,0
2,50,50,20,20,1827,1,0
2,50,50,20,20,1828,1,0
2,50,50,20,20,1829,1,0
2,50,50,20,20,1830,1,0
2,50,50,20,20,1831,1,0
2,50,50,20,20,1832,1,0
2,50,50,20,20,1833,1,0
2,50,50,20,20,1834,1,0
2,50,50,20,20,1835,1,0
2,50,50,20,20,1836,1,0
2,50,50,20,20,1837,1,0
2,50,50,20,20,1838,1,0
2,50,50,20,20,1839,1,0
2,50,50,20,20,1840,1,0
2,50,50,20,20,1841,1,0
2,50,50,20,20,1842,1,0
2,50,50,20,20,1843,1,0
2,50,50,20,20,1844,1,0
2,50,50,20,20,1845,1,0
2,50,50,20,20,1846,1,0
2,50,50,20,20,1847,1,0
2,50,50,20,20,1848,1,0
2,50,50,20,20,1849,1,0
2,50,50,20,20,1850,1,0
2,50,50,20,20,1851,1,0
2,50,50,20,20,1852,1,0
2,50,50,20,20,1853,1,0
2,50,50,20,20,1854,1,0
2,50,50,20,20,1855,1,0
2,50,50,20,20,1856,1,0
2,50,50,20,20,1857,1,0
2,50,50,20,20,1858,1,0
2,50,50,20,20,1859,1,0
2,50,50,20,20,1860,1,0
2,50,50,20,20,1861,1,0
2,50,50,20,20,1862,1,0
2,50,50,20,20,1863,1,0
2,50,50,20,20,1864,1,0
2,50,50,20,20,1865,1,0
2,50,50,20,20,1866,1,0
2,50,50,20,20,1867,1,0
2,50,50,20,20,1868,1,0
2,50,50,20,20,1869,1,0
2,50,50,20,20,1870,1,0
2,50,50,20,20,1871,1,0
2,50,50,20,20,1872,1,0
2,50,50,20,20,1873,1,0
2,50,50,20,20,1874,1,0
2,50,50,20,20,1875,1,0
2,50,50,20,20,1876,1,0
2,50,50,20,20,1877,1,0
2,50,50,20,20,1878,1,0
2,50,50,20,20,1879,1,0
2,50,50,20,20,1880,1,0
2,50,50,20,20,1881,1,0
2,50,50,20,20,1882,1,0
2,50,50,20,20,1883,1,0
2,50,50,20,20,1884,1,0
2,50,50,20,20,1885,1,0
2,50,50,20,20,1886,1,0
2,50,50,20,20,1887,1,0
2,50,50,20,20,1888,1,0
2,50,50,20,20,1889,1,0
2,50,50,20,20,1890,1,0
2,50,50,20,20,1891,1,0
2,50,50,20,20,1892,1,0
2,50,50,20,20,1893,1,0
2,50,50,20,20,1894,1,0
2,50,50,20,20,1895,1,0
2,50,50,20,20,1896,1,0
2,50,50,20,20,1897,1,0
2,50,50,20,20,1898,1,0
2,50,50,20,20,1899,1,0
2,50,50,20,20,1900,1,0
2,50,50,20,20,1901,1,0
2,50,50,20,20,1902,1,0
2,50,50,20,20,1903,1,0
2,50,50,20,20,1904,1,0
2,50,50,20,20,1905,1,0
2,50,50,20,20,1906,1,0
2,50,50,20,20,1907,1,0
2,50,50,20,20,1908,1,0
2,50,50,20,20,1909,1,0
2,50,50,20,20,1910,1,0
2,50,50,20,20,1911,1,0
2,50,50,20,20,1912,1,0
2,50,50,20,20,1913,1,0
2,50,50,20,20,1914,1,0
2,50,50,20,20,1915,1,0
2,50,50,20,20,1916,1,0
2,50,50,20,20,1917,1,0
2,50,50,20,20,1918,1,0
2,50,50,20,20,1919,1,0
2,50,50,20,20,1920,1,0
2,50,50,20,20,1921,1,0
2,50,50,20,20,1922,1,0
2,50,50,20,20,1923,1,0
2,50,50,20,20,1924,1,0
2,50,50,20,20,1925,1,0
2,50,50,20,20,1926,1,0
2,50,50,20,20,1927,1,0
2,50,50,20,20,1928,1,0
2,50,50,20,20,1929,1,0
2,50,50,20,20,1930,1,0
2,50,50,20,20,1931,1,0
2,50,50,20,20,1932,1,0
2,50,50,20,20,1933,1,0
2,50,50,20,20,1934,1,0
2,50,50,20,20,1935,1,0
2,50,50,20,20,1936,1,0
2,50,50,20,20,1937,1,0
2,50,50,20,20,1938,1,0
2,50,50,20,20,1939,1,0
2,50,50,20,20,1940,1,0
2,50,50,20,20,1941,1,0
2,50,50,20,20,1942,1,0
2,50,50,20,20,1943,1,0
2,50,50,20,20,1944,1,0
2,50,50,20,20,1945,1,0
2,50,50,20,20,1946,1,0
2,50,50,20,20,1947,1,0
2,50,50,20,20,1948,1,0
2,50,50,20,20,1949,1,0
2,50,50,20,20,1950,1,0
2,50,50,20,20,1951,1,0
2,50,50,20,20,1952,1,0
2,50,50,20,20,1953,1,0
2,50,50,20,20,1954,1,0
2,50,50,20,20,1955,1,0
2,50,50,20,20,1956,1,0
2,50,50,20,20,1957,1,0
2,50,50,20,20,1958,1,0
2,50,50,20,20,1959,1,0
2,50,50,20,20,1960,1,0
2,50,50,20,20,1961,1,0
2,50,50,20,20,1962,1,0
2,50,50,20,20,1963,1,0
2,50,50,20,20,1964,1,0
2,50,50,20,20,1965,1,0
2,50,50,20,20,1966,1,0
2,50,50,20,20,1967,1,0
2,50,50,20,20,1968,1,0
2,50,50,20,20,1969,1,0
2,50,50,20,20,1970,1,0
2,50,50,20,20,1971,1,0
2,50,50,20,20,1972,1,0
2,50,50,20,20,1973,1,0
2,50,50,20,20,1974,1,0
2,50,50,20,20,1975,1,0
2,50,50,20,20,1976,1,0
2,50,50,20,20,1977,1,0
2,50,50,20,20,1978,1,0
2,50,50,20,20,1979,1,0
2,50,50,20,20,1980,1,0
2,50,50,20,20,1981,1,0
2,50,50,20,20,1982,1,0
2,50,50,20,20,1983,1,0
2,50,50,20,20,1984,1,0
2,50,50,20,20,1985,1,0
2,50,50,20,20,1986,1,0
2,50,50,20,20,1987,1,0
2,50,50,20,20,1988,1,0
2,50,50,20,20,1989,1,0
2,50,50,20,20,1990,1,0
2,50,50,20,20,1991,1,0
2,50,50,20,20,1992,1,0
2,50,50,20,20,1993,1,0
2,50,50,20,20,1994,1,0
2,50,50,20,20,1995,1,0
2,50,50,20,20,1996,1,0
2,50,50,20,20,1997,1,0
2,50,50,20,20,1998,1,0
2,50,50,20,20,1999,1,0
2,50,50,20,20,2000,1,0
2,50,50,20,20,2001,1,0
2,50,50,20,20,2002,1,0
2,50,50,20,20,2003,1,0
2,50,50,20,20,2004,1,0
2,50,50,20,20,2005,1,0
2,50,50,20,20,2006,1,0
2,50,50,20,20,2007,1,0
2,50,50,20,20,2008,1,0
2,50,50,20,20,2009,1,0
2,50,50,20,20,2010,1,0
2,50,50,20,20,2011,1,0
2,50,50,20,20,2012,1,0
2,50,50,20,20,2013,1,0
2,50,50,20,20,2014,1,0
2,50,50,20,20,2015,1,0
2,50,50,20,20,2016,1,0
2,50,50,20,20,2017,1,0
2,50,50,20,20,2018,1,0
2,50,50,20,20,2019,1,0
2,50,50,20,20,2020,1,0
2,50,50,20,20,2021,1,0
2,50,50,20,20,2022,1,0
2,50,50,20,20,2023,1,0
2,50,50,20,20,2024,1,0
2,50,50,20,20,2025,1,0
2,50,50,20,20,2026,1,0
2,50,50,20,20,2027,1,0
2,50,50,20,20,2028,1,0
2,50,50,20,20,2029,1,0
2,50,50,20,20,2030,1,0
2,50,50,20,20,2031,1,0
2,50,50,20,20,2032,1,0
2,50,50,20,20,2033,1,0
2,50,50,20,20,2034,1,0
2,50,50,20,20,2035,1,0
2,50,50,20,20,2036,1,0
2,50,50,20,20,2037,1,0
2,50,50,20,20,2038,1,0
2,50,50,20,20,2039,1,0
2,50,50,20,20,2040,1,0
2,50,50,20,20,2041,1,0
2,50,50,20,20,2042,1,0
2,50,50,20,20,2043,1,0
2,50,50,20,20,2044,1,0
2,50,50,20,20,2045,1,0
2,50,50,20,20,2046,1,0
2,50,50,20,20,2047,1,0
2,50,50,20,20,2048,1,0
2,50,50,20,20,2049,1,0
2,50,50,20,20,2050,1,0
2,50,50,20,20,2051,1,0
2,50,50,20,20,2052,1,0
2,50,50,20,20,2053,1,0
2,50,50,20,20,2054,1,0
2,50,50,20,20,2055,1,0
2,50,50,20,20,2056,1,0
2,50,50,20,20,2057,1,0
2,50,50,20,20,2058,1,0
2,50,50,20,20,2059,1,0
2,50,50,20,20,2060,1,0
2,50,50,20,20,2061,1,0
2,50,50,20,20,2062,1,0
2,50,50,20,20,2063,1,0
2,50,50,20,20,2064,1,0
2,50,50,20,20,2065,1,0
2,50,50,20,20,2066,1,0
2,50,50,20,20,2067,1,0
2,50,50,20,20,2068,1,0
2,50,50,20,20,2069,1,0
2,50,50,20,20,2070,1,0
2,50,50,20,20,2071,1,0
2,50,50,20,20,2072,1,0
2,50,50,20,20,2073,1,0
2,50,50,20,20,2074,1,0
2,50,50,20,20,2075,1,0
2,50,50,20,20,2076,1,0
2,50,50,20,20,2077,1,0
2,50,50,20,20,2078,1,0
2,50,50,20,20,2079,1,0
2,50,50,20,20,2080,1,0
2,50,50,20,20,2081,1,0
2,50,50,20,20,2082,1,0
2,50,50,20,20,2083,1,0
2,50,50,20,20,2084,1,0
2,50,50,20,20,2085,1,0
2,50,50,20,20,2086,1,0
2,50,50,20,20,2087,1,0
2,50,50,20,20,2088,1,0
2,50,50,20,20,2089,1,0
2,50,50,20,20,2090,1,0
2,50,50,20,20,2091,1,0
2,50,50,20,20,2092,1,0
2,50,50,20,20,2093,1,0
2,50,50,20,20,2094,1,0
2,50,50,20,20,2095,1,0
2,50,50,20,20,2096,1,0
2,50,50,20,20,2097,1,0
2,50,50,20,20,2098,1,0
2,50,50,20,20,2099,1,0
2,50,50,20,20,2100,0,0
2,50,50,20,20,2101,0,0
2,50,50,20,20,2102,0,0
2,50,50,20,20,2103,0,0
2,50,50,20,20,2104,0,0
2,50,50,20,20,2105,0,0
2,50,50,20,20,2106,0,0
2,50,50,20,20,2107,0,0
2,50,50,20,20,2108,0,0
2,50,50,20,20,2109,0,0
2,50,50,20,20,2110,0,0
2,50,50,20,20,2111,0,0
2,50,50,20,20,2112,0,0
2,50,50,20,20,2113,0,0
2,50,50,20,20,2114,0,0
2,50,50,20,20,2115,0,0
2,50,50,20,20,2116,0,0
2,50,50,20,20,2117,0,0
2,50,50,20,20,2118,0,0
2,50,50,20,20,2119,0,0
2,50,50,20,20,2120,0,0
2,50,50,20,20,2121,0,0
2,50,50,20,20,2122,0,0
2,50,50,20,20,2123,0,0
2,50,50,20,20,2124,0,0
2,50,50,20,20,2125,0,0
2,50,50,20,20,2126,0,0
2,50,50,20,20,2127,0,0
2,50,50,20,20,2128,0,0
2,50,50,20,20,2129,0,0
2,50,50,20,20,2130,0,0
2,50,50,20,20,2142,0,0
2,50,50,20,20,2163,0,0
2,50,50,20,20,2184,0,0
2,50,50,20,20,2205,0,0
2,50,50,20,20,2226,0,0
2,50,50,20,20,2247,0,0
2,50,50,20,20,2268,0,0
2,50,50,20,20,2289,0,0
2,50,50,20,20,2310,0,0
2,50,50,20,20,2331,0,0
2,50,50,20,20,2352,0,0
2,50,50,20,20,2373,0,0
2,50,50,20,20,2394,0,0
2,50,50,20,20,2415,0,0
2,50,50,20,20,2436,0,0
2,50,50,20,20,2457,0,0
2,50,50,20,20,2478,0,0
2,50,50,20,20,2499,0,0
2,50,50,20,20,2520,0,0
2,50,50,20,20,2541,0,0
2,50,50,20,20,2562,0,0
2,50,50,20,20,2583,0,0
2,50,50,20,20,2604,0,0
2,50,50,20,20,2625,0,0
2,50,50,20,20,2646,0,0
2,50,50,20,20,2667,0,0
2,50,50,20,20,2688,0,0
2,50,50,20,20,2709,0,0
2,50,50,20,20,2730,0,0
2,50,50,20,20,2751,0,0
2,50,50,20,20,2772,0,0
2,50,50,20,20,2793,0,0
2,50,50,20,20,2814,0,0
2,50,50,20,20,2835,0,0
2,50,50,20,20,2856,0,0
2,50,50,20,20,2877,0,0
2,50,50,20,20,2898,0,0
2,50,50,20,20,2919,0,0
2,50,50,20,20,2940,0,0
2,50,50,20,20,2961,0,0
2,50,50,20,20,2982,0,0
2,50,50,20,20,3003,0,0
2,50,50,20,20,3024,0,0
2,50,50,20,20,3045,0,0
2,50,50,20,20,3066,0,0
2,50,50,20,20,3087,0,0
2,50,50,20,20,3108,0,0
2,50,50,20,20,3129,0,0
2,50,50,20,20,3150,0,0
2,50,50,20,20,3171,0,0
2,50,50,20,20,3192,0,0
2,50,50,20,20,3213,0,0
2,50,50,20,20,3234,0,0
2,50,50,20,20,3255,0,0
2,50,50,20,20,3276,0,0
2,50,50,20,20,3297,0,0
2,50,50,20,20,3318,0,0
2,50,50,20,20,3339,0,0
2,50,50,20,20,3360,0,0
2,50,50,20,20,3381,0,0
2,50,50,20,20,3402,0,0
2,50,50,20,20,3423,0,0
2,50,50,20,20,3444,0,0
2,50,50,20,20,3465,0,0
2,50,50,20,20,3486,0,0
2,50,50,20,20,3507,0,0
2,50,50,20,20,3528,0,0
2,50,50,20,20,3549,0,0
2,50,50,20,20,3570,0,0
2,50,50,20,20,3591,0,0
2,50,50,20,20,3612,0,0
2,50,50,20,20,3633,0,0
2,50,50,20,20,3654,0,0
2,50,50,20,20,3675,0,0
2,50,50,20,20,3696,0,0
2,50,50,20,20,3717,0,0
2,50,50,20,20,3738,0,0
2,50,50,20,20,3759,0,0
2,50,50,20,20,3780,0,0
2,50,50,20,20,3801,0,0
2,50,50,20,20,3822,0,0
2,50,50,20,20,3843,0,0
2,50,50,20,20,3864,0,0
2,50,50,20,20,3885,0,0
2,50,50,20,20,3906,0,0
2,50,50,20,20,3927,0,0
2,50,50,20,20,3948,0,0
2,50,50,20,20,3969,0,0
2,50,50,20,20,3990,0,0
2,50,50,20,20,4011,0,0
2,50,50,20,20,4032,0,0
2,50,50,20,20,4053,0,0
2,50,50,20,20,4074,0,0
2,50,50,20,20,4095,0,0
2,50,50,20,20,4116,0,0
2,50,50,20,20,4137,0,0
2,50,50,20,20,4158,0,0
2,50,50,20,20,4179,0,0
2,50,50,20,20,4200,0,0
2,50,50,20,20,4221,0,0
2,50,50,20,20,4242,0,0
2,50,50,20,20,4263,0,0
3,3,3,3,3,0,0,0
3,3,3,3,3,1,0,0
3,3,3,3,3,2,0,0
3,3,3,3,3,3,0,0
3,3,3,3,3,4,0,0
3,3,3,3,3,5,0,0
3,3,3,3,3,6,0,0
3,3,3,3,3,7,0,0
3,3,3,3,3,8,0,0
3,3,3,3,3,9,0,0
3,3,3,3,3,10,0,0
3,3,3,3,3,11,0,0
3,3,3,3,3,12,0,0
3,3,3,3,3,13,0,0
3,3,3,3,3,14,0,0
3,3,3,3,3,15,0,0
3,3,3,3,3,16,0,0
3,3,3,3,3,17,0,0
3,3,3,3,3,18,0,0
3,3,3,3,3,19,0,0
3,3,3,3,3,20,0,0
3,3,3,3,3,21,0,0
3,3,3,3,3,22,0,0
3,3,3,3,3,23,0,0
3,3,3,3,3,24,0,0
3,3,3,3,3,25,0,0
3,3,3,3,3,26,0,0
3,3,3,3,3,27,0,0
3,3,3,3,3,28,0,0
3,3,3,3,3,29,0,0
3,3,3,3,3,30,0,0
3,3,3,3,3,31,0,0
3,3,3,3,3,32,0,0
3,3,3,3,3,33,0,0
3,3,3,3,3,34,0,0
3,3,3,3,3,35,0,0
3,3,3,3,3,36,0,0
3,3,3,3,3,37,0,0
3,3,3,3,3,38,0,0
3,3,3,3,3,39,0,0
3,3,3,3,3,40,0,0
3,3,3,3,3,41,0,0
3,3,3,3,3,42,0,0
3,3,3,3,3,43,0,0
3,3,3,3,3,44,0,0
3,3,3,3,3,45,0,0
3,3,3,3,3,46,0,0
3,3,3,3,3,47,0,0
3,3,3,3,3,48,0,0
3,3,3,3,3,49,0,0
3,3,3,3,3,50,0,0
3,3,3,3,3,51,0,0
3,3,3,3,3,52,0,0
3,3,3,3,3,53,0,0
3,3,3,3,3,54,0,0
3,3,3,3,3,55,0,0
3,3,3,3,3,56,0,0
3,3,3,3,3,57,0,0
3,3,3,3,3,58,0,0
3,3,3,3,3,59,0,0
3,3,3,3,3,60,0,0
3,3,3,3,3,61,0,0
3,3,3,3,3,62,0,0
3,3,3,3,3,63,0,0
3,3,3,3,3,64,0,0
3,3,3,3,3,65,0,0
3,3,3,3,3,66,0,0
3,3,3,3,3,67,0,0
3,3,3,3,3,68,0,0
3,3,3,3,3,69,0,0
3,3,3,3,3,70,0,0
3,3,3,3,3,71,0,0
3,3,3,3,3,72,0,0
3,3,3,3,3,73,0,0
3,3,3,3,3,74,0,0
3,3,3,3,3,75,0,0
3,3,3,3,3,76,0,0
3,3,3,3,3,77,0,0
3,3,3,3,3,78,0,0
3,3,3,3,3,79,0,0
3,3,3,3,3,80,0,0
4,40,40,10,10,0,1,1
4,40,40,10,10,15,1,1
4,40,40,10,10,30,1,1
4,40,40,10,10,45,1,1
4,40,40,10,10,60,1,1
4,40,40,10,10,75,1,1
4,40,40,10,10,90,1,1
4,40,40,10,10,105,1,1
4,40,40,10,10,120,1,1
4,40,40,10,10,135,1,1
4,40,40,10,10,150,1,1
4,40,40,10,10,165,1,1
4,40,40,10,10,180,1,1
4,40,40,10,10,195,1,1
4,40,40,10,10,210,1,1
4,40,40,10,10,225,1,1
4,40,40,10,10,240,1,1
4,40,40,10,10,255,1,1
4,40,40,10,10,270,1,1
4,40,40,10,10,285,1,1
4,40,40,10,10,300,1,1
4,40,40,10,10,315,1,1
4,40,40,10,10,330,1,1
4,40,40,10,10,345,1,1
4,40,40,10,10,360,1,1
4,40,40,10,10,375,1,1
4,40,40,10,10,390,1,1
4,40,40,10,10,405,1,1
4,40,40,10,10,420,1,1
4,40,40,10,10,435,1,1
4,40,40,10,10,450,1,1
4,40,40,10,10,465,1,1
4,40,40,10,10,480,1,1
4,40,40,10,10,495,1,1
4,40,40,10,10,510,1,1
4,40,40,10,10,525,1,1
4,40,40,10,10,540,1,1
4,40,40,10,10,555,1,1
4,40,40,10,10,570,1,1
4,40,40,10,10,585,1,1
4,40,40,10,10,600,1,1
4,40,40,10,10,615,1,1
4,40,40,10,10,630,1,1
4,40,40,10,10,645,1,1
4,40,40,10,10,660,1,1
4,40,40,10,10,675,1,1
4,40,40,10,10,690,1,1
4,40,40,10,10,705,1,1
4,40,40,10,10,720,1,1
4,40,40,10,10,735,1,1
4,40,40,10,10,750,1,1
4,40,40,10,10,765,1,1
4,40,40,10,10,780,1,1
4,40,40,10,10,795,1,1
4,40,40,10,10,810,1,1
4,40,40,10,10,825,1,1
4,40,40,10,10,840,1,1
4,40,40,10,10,855,1,1
4,40,40,10,10,870,1,1
4,40,40,10,10,885,1,1
4,40,40,10,10,900,1,1
4,40,40,10,10,915,1,1
4,40,40,10,10,930,1,1
4,40,40,10,10,945,1,1
4,40,40,10,10,960,1,1
4,40,40,10,10,975,1,1
4,40,40,10,10,990,1,1
4,40,40,10,10,1005,1,1
4,40,40,10,10,1020,1,1
4,40,40,10,10,1035,1,1
4,40,40,10,10,1050,1,1
4,40,40,10,10,1065,1,1
4,40,40,10,10,1080,1,1
4,40,40,10,10,1095,1,1
4,40,40,10,10,1110,1,1
4,40,40,10,10,1125,1,1
4,40,40,10,10,1140,1,1
4,40,40,10,10,1155,1,1
4,40,40,10,10,1170,1,1
4,40,40,10,10,1185,1,1
4,40,40,10,10,1200,1,1
4,40,40,10,10,1215,1,1
4,40,40,10,10,1230,1,1
4,40,40,10,10,1245,1,1
4,40,40,10,10,1260,1,1
4,40,40,10,10,1275,1,1
4,40,40,10,10,1290,1,1
4,40,40,10,10,1305,1,1
4,40,40,10,10,1320,1,1
4,40,40,10,10,1335,1,1
4,40,40,10,10,1350,1,1
4,40,40,10,10,1365,1,1
4,40,40,10,10,1380,1,1
4,40,40,10,10,1395,1,1
4,40,40,10,10,1410,1,1
4,40,40,10,10,1425,1,1
4,40,40,10,10,1440,1,1
4,40,40,10,10,1455,1,1
4,40,40,10,10,1470,1,1
4,40,40,10,10,1471,1,1
4,40,40,10,10,1472,1,1
4,40,40,10,10,1473,1,1
4,40,40,10,10,1474,1,1
4,40,40,10,10,1475,1,1
4,40,40,10,10,1476,1,1
4,40,40,10,10,1477,1,1
4,40,40,10,10,1478,1,1
4,40,40,10,10,1479,1,1
4,40,40,10,10,1480,1,1
4,40,40,10,10,1481,1,1
4,40,40,10,10,1482,1,1
4,40,40,10,10,1483,1,1
4,40,40,10,10,1484,1,1
4,40,40,10,10,1485,1,1
4,40,40,10,10,1486,1,1
4,40,40,10,10,1487,1,1
4,40,40,10,10,1488,1,1
4,40,40,10,10,1489,1,1
4,40,40,10,10,1490,1,1
4,40,40,10,10,1491,1,1
4,40,40,10,10,1492,1,1
4,40,40,10,10,1493,1,1
4,40,40,10,10,1494,1,1
4,40,40,10,10,1495,1,1
4,40,40,10,10,1496,1,1
4,40,40,10,10,1497,1,1
4,40,40,10,10,1498,1,1
4,40,40,10,10,1499,1,1
4,40,40,10,10,1500,0,1
4,40,40,10,10,1501,0,1
4,40,40,10,10,1502,0,1
4,40,40,10,10,1503,0,1
4,40,40,10,10,1504,0,1
4,40,40,10,10,1505,0,1
4,40,40,10,10,1506,0,1
4,40,40,10,10,1507,0,1
4,40,40,10,10,1508,0,1
4,40,40,10,10,1509,0,1
4,40,40,10,10,1510,0,1
4,40,40,10,10,1511,0,1
4,40,40,10,10,1512,0,1
4,40,40,10,10,1513,0,1
4,40,40,10,10,1514,0,1
4,40,40,10,10,1515,0,1
4,40,40,10,10,1516,0,1
4,40,40,10,10,1517,0,1
4,40,40,10,10,1518,0,1
4,40,40,10,10,1519,0,1
4,40,40,10,10,1520,0,1
4,40,40,10,10,1521,0,1
4,40,40,10,10,1522,0,1
4,40,40,10,10,1523,0,1
4,40,40,10,10,1524,0,1
4,40,40,10,10,1525,0,1
4,40,40,10,10,1526,0,1
4,40,40,10,10,1527,0,1
4,40,40,10,10,1528,0,1
4,40,40,10,10,1529,0,1
4,40,40,10,10,1530,0,1
4,40,40,10,10,1531,0,1
4,40,40,10,10,1532,0,1
4,40,40,10,10,1533,0,1
4,40,40,10,10,1534,0,1
4,40,40,10,10,1535,0,1
4,40,40,10,10,1536,0,0
4,40,40,10,10,1537,0,0
4,40,40,10,10,1538,0,0
4,40,40,10,10,1539,0,0
4,40,40,10,10,1540,0,0
4,40,40,10,10,1541,0,0
4,40,40,10,10,1542,0,0
4,40,40,10,10,1543,0,0
4,40,40,10,10,1544,0,0
4,40,40,10,10,1545,0,0
4,40,40,10,10,1546,0,0
4,40,40,10,10,1547,0,0
4,40,40,10,10,1548,0,0
4,40,40,10,10,1549,0,0
4,40,40,10,10,1550,0,0
4,40,40,10,10,1551,0,0
4,40,40,10,10,1552,0,0
4,40,40,10,10,1553,0,0
4,40,40,10,10,1554,0,0
4,40,40,10,10,1555,0,0
4,40,40,10,10,1556,0,0
4,40,40,10,10,1557,0,0
4,40,40,10,10,1558,0,0
4,40,40,10,10,1559,0,0
4,40,40,10,10,1560,0,0
4,40,40,10,10,1561,0,0
4,40,40,10,10,1562,0,0
4,40,40,10,10,1563,0,0
4,40,40,10,10,1564,0,0
4,40,40,10,10,1565,0,0
4,40,40,10,10,1566,0,0
4,40,40,10,10,1575,0,0
4,40,40,10,10,1590,0,0
4,40,40,10,10,1605,0,0
4,40,40,10,10,1620,0,0
4,40,40,10,10,1635,0,0
4,40,40,10,10,1650,0,0
4,40,40,10,10,1665,0,0
4,40,40,10,10,1680,0,0
4,40,40,10,10,1695,0,0
4,40,40,10,10,1710,0,0
4,40,40,10,10,1725,0,0
4,40,40,10,10,1740,0,0
4,40,40,10,10,1755,0,0
4,40,40,10,10,1770,0,0
4,40,40,10,10,1785,0,0
4,40,40,10,10,1800,0,0
4,40,40,10,10,1815,0,0
4,40,40,10,10,1830,0,0
4,40,40,10,10,1845,0,0
4,40,40,10,10,1860,0,0
4,40,40,10,10,1875,0,0
4,40,40,10,10,1890,0,0
4,40,40,10,10,1905,0,0
4,40,40,10,10,1920,0,0
4,40,40,10,10,1935,0,0
4,40,40,10,10,1950,0,0
4,40,40,10,10,1965,0,0
4,40,40,10,10,1980,0,0
4,40,40,10,10,1995,0,0
4,40,40,10,10,2010,0,0
4,40,40,10,10,2025,0,0
4,40,40,10,10,2040,0,0
4,40,40,10,10,2055,0,0
4,40,40,10,10,2070,0,0
4,40,40,10,10,2085,0,0
4,40,40,10,10,2100,0,0
4,40,40,10,10,2115,0,0
4,40,40,10,10,2130,0,0
4,40,40,10,10,2145,0,0
4,40,40,10,10,2160,0,0
4,40,40,10,10,2175,0,0
4,40,40,10,10,2190,0,0
4,40,40,10,10,2205,0,0
4,40,40,10,10,2220,0,0
4,40,40,10,10,2235,0,0
4,40,40,10,10,2250,0,0
4,40,40,10,10,2265,0,0
4,40,40,10,10,2280,0,0
4,40,40,10,10,2295,0,0
4,40,40,10,10,2310,0,0
4,40,40,10,10,2325,0,0
4,40,40,10,10,2340,0,0
4,40,40,10,10,2355,0,0
4,40,40,10,10,2370,0,0
4,40,40,10,10,2385,0,0
4,40,40,10,10,2400,0,0
4,40,40,10,10,2415,0,0
4,40,40,10,10,2430,0,0
4,40,40,10,10,2445,0,0
4,40,40,10,10,2460,0,0
4,40,40,10,10,2475,0,0
4,40,40,10,10,2490,0,0
4,40,40,10,10,2505,0,0
4,40,40,10,10,2520,0,0
4,40,40,10,10,2535,0,0
4,40,40,10,10,2550,0,0
4,40,40,10,10,2565,0,0
4,40,40,10,10,2580,0,0
4,40,40,10,10,2595,0,0
4,40,40,10,10,2610,0,0
4,40,40,10,10,2625,0,0
4,40,40,10,10,2640,0,0
4,40,40,10,10,2655,0,0
4,40,40,10,10,2670,0,0
4,40,40,10,10,2685,0,0
4,40,40,10,10,2700,0,0
4,40,40,10,10,2715,0,0
4,40,40,10,10,2730,0,0
4,40,40,10,10,2745,0,0
4,40,40,10,10,2760,0,0
4,40,40,10,10,2775,0,0
4,40,40,10,10,2790,0,0
4,40,40,10,10,2805,0,0
4,40,40,10,10,2820,0,0
4,40,40,10,10,2835,0,0
4,40,40,10,10,2850,0,0
4,40,40,10,10,2865,0,0
4,40,40,10,10,2880,0,0
4,40,40,10,10,2895,0,0
4,40,40,10,10,2910,0,0
4,40,40,10,10,2925,0,0
4,40,40,10,10,2940,0,0
4,40,40,10,10,2955,0,0
4,40,40,10,10,2970,0,0
4,40,40,10,10,2985,0,0
4,40,40,10,10,3000,0,0
4,40,40,10,10,3015,0,0
4,40,40,10,10,3030,0,0
4,40,40,10,10,3045,0,0
4,40,40,10,10,3060,0,0
4,40,40,10,10,3075,0,0
5,30,30,10,10,0,1,1
5,30,30,10,10,8,1,1
5,30,30,10,10,16,1,1
5,30,30,10,10,24,1,1
5,30,30,10,10,32,1,1
5,30,30,10,10,40,1,1
5,30,30,10,10,48,1,1
5,30,30,10,10,56,1,1
5,30,30,10,10,64,1,1
5,30,30,10,10,72,1,1
5,30,30,10,10,80,1,1
5,30,30,10,10,88,1,1
5,30,30,10,10,96,1,1
5,30,30,10,10,104,1,1
5,30,30,10,10,112,1,1
5,30,30,10,10,120,1,1
5,30,30,10,10,128,1,1
5,30,30,10,10,136,1,1
5,30,30,10,10,144,1,1
5,30,30,10,10,152,1,1
5,30,30,10,10,160,1,1
5,30,30,10,10,168,1,1
5,30,30,10,10,176,1,1
5,30,30,10,10,184,1,1
5,30,30,10,10,192,1,1
5,30,30,10,10,200,1,1
5,30,30,10,10,208,1,1
5,30,30,10,10,216,1,1
5,30,30,10,10,224,1,1
5,30,30,10,10,232,1,1
5,30,30,10,10,240,1,1
5,30,30,10,10,248,1,1
5,30,30,10,10,256,1,1
5,30,30,10,10,264,1,1
5,30,30,10,10,272,1,1
5,30,30,10,10,280,1,1
5,30,30,10,10,288,1,1
5,30,30,10,10,296,1,1
5,30,30,10,10,304,1,1
5,30,30,10,10,312,1,1
5,30,30,10,10,320,1,1
5,30,30,10,10,328,1,1
5,30,30,10,10,336,1,1
5,30,30,10,10,344,1,1
5,30,30,10,10,352,1,1
5,30,30,10,10,360,1,1
5,30,30,10,10,368,1,1
5,30,30,10,10,376,1,1
5,30,30,10,10,384,1,1
5,30,30,10,10,392,1,1
5,30,30,10,10,400,1,1
5,30,30,10,10,408,1,1
5,30,30,10,10,416,1,1
5,30,30,10,10,424,1,1
5,30,30,10,10,432,1,1
5,30,30,10,10,440,1,1
5,30,30,10,10,448,1,1
5,30,30,10,10,456,1,1
5,30,30,10,10,464,1,1
5,30,30,10,10,472,1,1
5,30,30,10,10,480,1,1
5,30,30,10,10,488,1,1
5,30,30,10,10,496,1,1
5,30,30,10,10,504,1,1
5,30,30,10,10,512,1,1
5,30,30,10,10,520,1,1
5,30,30,10,10,528,1,1
5,30,30,10,10,536,1,1
5,30,30,10,10,544,1,1
5,30,30,10,10,552,1,1
5,30,30,10,10,560,1,1
5,30,30,10,10,568,1,1
5,30,30,10,10,576,1,1
5,30,30,10,10,584,1,1
5,30,30,10,10,592,1,1
5,30,30,10,10,600,1,1
5,30,30,10,10,608,1,1
5,30,30,10,10,610,1,1
5,30,30,10,10,611,1,1
5,30,30,10,10,612,1,1
5,30,30,10,10,613,1,1
5,30,30,10,10,614,1,1
5,30,30,10,10,615,1,1
5,30,30,10,10,616,1,1
5,30,30,10,10,617,1,1
5,30,30,10,10,618,1,1
5,30,30,10,10,619,1,1
5,30,30,10,10,620,1,1
5,30,30,10,10,621,1,1
5,30,30,10,10,622,1,1
5,30,30,10,10,623,1,1
5,30,30,10,10,624,1,1
5,30,30,10,10,625,1,1
5,30,30,10,10,626,1,1
5,30,30,10,10,627,1,1
5,30,30,10,10,628,1,1
5,30,30,10,10,629,1,1
5,30,30,10,10,630,1,1
5,30,30,10,10,631,1,1
5,30,30,10,10,632,1,1
5,30,30,10,10,633,1,1
5,30,30,10,10,634,1,1
5,30,30,10,10,635,1,1
5,30,30,10,10,636,1,1
5,30,30,10,10,637,1,1
5,30,30,10,10,638,1,1
5,30,30,10,10,639,1,1
5,30,30,10,10,640,1,0
5,30,30,10,10,641,1,0
5,30,30,10,10,642,1,0
5,30,30,10,10,643,1,0
5,30,30,10,10,644,1,0
5,30,30,10,10,645,1,0
5,30,30,10,10,646,1,0
5,30,30,10,10,647,1,0
5,30,30,10,10,648,1,0
5,30,30,10,10,649,1,0
5,30,30,10,10,650,1,0
5,30,30,10,10,651,1,0
5,30,30,10,10,652,1,0
5,30,30,10,10,653,1,0
5,30,30,10,10,654,1,0
5,30,30,10,10,655,1,0
5,30,30,10,10,656,1,0
5,30,30,10,10,657,1,0
5,30,30,10,10,658,1,0
5,30,30,10,10,659,1,0
5,30,30,10,10,660,1,0
5,30,30,10,10,661,1,0
5,30,30,10,10,662,1,0
5,30,30,10,10,663,1,0
5,30,30,10,10,664,1,0
5,30,30,10,10,665,1,0
5,30,30,10,10,666,1,0
5,30,30,10,10,667,1,0
5,30,30,10,10,668,1,0
5,30,30,10,10,669,1,0
5,30,30,10,10,670,1,0
5,30,30,10,10,671,1,0
5,30,30,10,10,672,1,0
5,30,30,10,10,673,1,0
5,30,30,10,10,674,1,0
5,30,30,10,10,675,1,0
5,30,30,10,10,676,1,0
5,30,30,10,10,677,1,0
5,30,30,10,10,678,1,0
5,30,30,10,10,679,1,0
5,30,30,10,10,680,1,0
5,30,30,10,10,681,1,0
5,30,30,10,10,682,1,0
5,30,30,10,10,683,1,0
5,30,30,10,10,684,1,0
5,30,30,10,10,685,1,0
5,30,30,10,10,686,1,0
5,30,30,10,10,687,1,0
5,30,30,10,10,688,1,0
5,30,30,10,10,689,1,0
5,30,30,10,10,690,1,0
5,30,30,10,10,691,1,0
5,30,30,10,10,692,1,0
5,30,30,10,10,693,1,0
5,30,30,10,10,694,1,0
5,30,30,10,10,695,1,0
5,30,30,10,10,696,1,0
5,30,30,10,10,697,1,0
5,30,30,10,10,698,1,0
5,30,30,10,10,699,1,0
5,30,30,10,10,700,1,0
5,30,30,10,10,701,1,0
5,30,30,10,10,702,1,0
5,30,30,10,10,703,1,0
5,30,30,10,10,704,1,0
5,30,30,10,10,705,1,0
5,30,30,10,10,706,1,0
5,30,30,10,10,707,1,0
5,30,30,10,10,708,1,0
5,30,30,10,10,709,1,0
5,30,30,10,10,710,1,0
5,30,30,10,10,711,1,0
5,30,30,10,10,712,1,0
5,30,30,10,10,713,1,0
5,30,30,10,10,714,1,0
5,30,30,10,10,715,1,0
5,30,30,10,10,716,1,0
5,30,30,10,10,717,1,0
5,30,30,10,10,718,1,0
5,30,30,10,10,719,1,0
5,30,30,10,10,720,1,0
5,30,30,10,10,721,1,0
5,30,30,10,10,722,1,0
5,30,30,10,10,723,1,0
5,30,30,10,10,724,1,0
5,30,30,10,10,725,1,0
5,30,30,10,10,726,1,0
5,30,30,10,10,727,1,0
5,30,30,10,10,728,1,0
5,30,30,10,10,729,1,0
5,30,30,10,10,730,1,0
5,30,30,10,10,731,1,0
5,30,30,10,10,732,1,0
5,30,30,10,10,733,1,0
5,30,30,10,10,734,1,0
5,30,30,10,10,735,1,0
5,30,30,10,10,736,1,0
5,30,30,10,10,737,1,0
5,30,30,10,10,738,1,0
5,30,30,10,10,739,1,0
5,30,30,10,10,740,1,0
5,30,30,10,10,741,1,0
5,30,30,10,10,742,1,0
5,30,30,10,10,743,1,0
5,30,30,10,10,744,1,0
5,30,30,10,10,745,1,0
5,30,30,10,10,746,1,0
5,30,30,10,10,747,1,0
5,30,30,10,10,748,1,0
5,30,30,10,10,749,1,0
5,30,30,10,10,750,1,0
5,30,30,10,10,751,1,0
5,30,30,10,10,752,1,0
5,30,30,10,10,753,1,0
5,30,30,10,10,754,1,0
5,30,30,10,10,755,1,0
5,30,30,10,10,756,1,0
5,30,30,10,10,757,1,0
5,30,30,10,10,758,1,0
5,30,30,10,10,759,1,0
5,30,30,10,10,760,1,0
5,30,30,10,10,761,1,0
5,30,30,10,10,762,1,0
5,30,30,10,10,763,1,0
5,30,30,10,10,764,1,0
5,30,30,10,10,765,1,0
5,30,30,10,10,766,1,0
5,30,30,10,10,767,1,0
5,30,30,10,10,768,1,0
5,30,30,10,10,769,1,0
5,30,30,10,10,770,1,0
5,30,30,10,10,771,1,0
5,30,30,10,10,772,1,0
5,30,30,10,10,773,1,0
5,30,30,10,10,774,1,0
5,30,30,10,10,775,1,0
5,30,30,10,10,776,1,0
5,30,30,10,10,777,1,0
5,30,30,10,10,778,1,0
5,30,30,10,10,779,1,0
5,30,30,10,10,780,1,0
5,30,30,10,10,781,1,0
5,30,30,10,10,782,1,0
5,30,30,10,10,783,1,0
5,30,30,10,10,784,1,0
5,30,30,10,10,785,1,0
5,30,30,10,10,786,1,0
5,30,30,10,10,787,1,0
5,30,30,10,10,788,1,0
5,30,30,10,10,789,1,0
5,30,30,10,10,790,1,0
5,30,30,10,10,791,1,0
5,30,30,10,10,792,1,0
5,30,30,10,10,793,1,0
5,30,30,10,10,794,1,0
5,30,30,10,10,795,1,0
5,30,30,10,10,796,1,0
5,30,30,10,10,797,1,0
5,30,30,10,10,798,1,0
5,30,30,10,10,799,1,0
5,30,30,10,10,800,0,0
5,30,30,10,10,801,0,0
5,30,30,10,10,802,0,0
5,30,30,10,10,803,0,0
5,30,30,10,10,804,0,0
5,30,30,10,10,805,0,0
5,30,30,10,10,806,0,0
5,30,30,10,10,807,0,0
5,30,30,10,10,808,0,0
5,30,30,10,10,809,0,0
5,30,30,10,10,810,0,0
5,30,30,10,10,811,0,0
5,30,30,10,10,812,0,0
5,30,30,10,10,813,0,0
5,30,30,10,10,814,0,0
5,30,30,10,10,815,0,0
5,30,30,10,10,816,0,0
5,30,30,10,10,817,0,0
5,30,30,10,10,818,0,0
5,30,30,10,10,819,0,0
5,30,30,10,10,820,0,0
5,30,30,10,10,821,0,0
5,30,30,10,10,822,0,0
5,30,30,10,10,823,0,0
5,30,30,10,10,824,0,0
5,30,30,10,10,825,0,0
5,30,30,10,10,826,0,0
5,30,30,10,10,827,0,0
5,30,30,10,10,828,0,0
5,30,30,10,10,829,0,0
5,30,30,10,10,830,0,0
5,30,30,10,10,832,0,0
5,30,30,10,10,840,0,0
5,30,30,10,10,848,0,0
5,30,30,10,10,856,0,0
5,30,30,10,10,864,0,0
5,30,30,10,10,872,0,0
5,30,30,10,10,880,0,0
5,30,30,10,10,888,0,0
5,30,30,10,10,896,0,0
5,30,30,10,10,904,0,0
5,30,30,10,10,912,0,0
5,30,30,10,10,920,0,0
5,30,30,10,10,928,0,0
5,30,30,10,10,936,0,0
5,30,30,10,10,944,0,0
5,30,30,10,10,952,0,0
5,30,30,10,10,960,0,0
5,30,30,10,10,968,0,0
5,30,30,10,10,976,0,0
5,30,30,10,10,984,0,0
5,30,30,10,10,992,0,0
5,30,30,10,10,1000,0,0
5,30,30,10,10,1008,0,0
5,30,30,10,10,1016,0,0
5,30,30,10,10,1024,0,0
5,30,30,10,10,1032,0,0
5,30,30,10,10,1040,0,0
5,30,30,10,10,1048,0,0
5,30,30,10,10,1056,0,0
5,30,30,10,10,1064,0,0
5,30,30,10,10,1072,0,0
5,30,30,10,10,1080,0,0
5,30,30,10,10,1088,0,0
5,30,30,10,10,1096,0,0
5,30,30,10,10,1104,0,0
5,30,30,10,10,1112,0,0
5,30,30,10,10,1120,0,0
5,30,30,10,10,1128,0,0
5,30,30,10,10,1136,0,0
5,30,30,10,10,1144,0,0
5,30,30,10,10,1152,0,0
5,30,30,10,10,1160,0,0
5,30,30,10,10,1168,0,0
5,30,30,10,10,1176,0,0
5,30,30,10,10,1184,0,0
5,30,30,10,10,1192,0,0
5,30,30,10,10,1200,0,0
5,30,30,10,10,1208,0,0
5,30,30,10,10,1216,0,0
5,30,30,10,10,1224,0,0
5,30,30,10,10,1232,0,0
5,30,30,10,10,1240,0,0
5,30,30,10,10,1248,0,0
5,30,30,10,10,1256,0,0
5,30,30,10,10,1264,0,0
5,30,30,10,10,1272,0,0
5,30,30,10,10,1280,0,0
5,30,30,10,10,1288,0,0
5,30,30,10,10,1296,0,0
5,30,30,10,10,1304,0,0
5,30,30,10,10,1312,0,0
5,30,30,10,10,1320,0,0
5,30,30,10,10,1328,0,0
5,30,30,10,10,1336,0,0
5,30,30,10,10,1344,0,0
5,30,30,10,10,1352,0,0
5,30,30,10,10,1360,0,0
5,30,30,10,10,1368,0,0
5,30,30,10,10,1376,0,0
5,30,30,10,10,1384,0,0
5,30,30,10,10,1392,0,0
5,30,30,10,10,1400,0,0
5,30,30,10,10,1408,0,0
5,30,30,10,10,1416,0,0
5,30,30,10,10,1424,0,0
5,30,30,10,10,1432,0,0
5,30,30,10,10,1440,0,0
5,30,30,10,10,1448,0,0
5,30,30,10,10,1456,0,0
5,30,30,10,10,1464,0,0
5,30,30,10,10,1472,0,0
5,30,30,10,10,1480,0,0
5,30,30,10,10,1488,0,0
5,30,30,10,10,1496,0,0
5,30,30,10,10,1504,0,0
5,30,30,10,10,1512,0,0
5,30,30,10,10,1520,0,0
5,30,30,10,10,1528,0,0
5,30,30,10,10,1536,0,0
5,30,30,10,10,1544,0,0
5,30,30,10,10,1552,0,0
5,30,30,10,10,1560,0,0
5,30,30,10,10,1568,0,0
5,30,30,10,10,1576,0,0
5,30,30,10,10,1584,0,0
5,30,30,10,10,1592,0,0
5,30,30,10,10,1600,0,0
5,30,30,10,10,1608,0,0
5,30,30,10,10,1616,0,0
5,30,30,10,10,1624,0,0
5,30,30,10,10,1632,0,0
5,30,30,10,10,1640,0,0
5,30,30,10,10,1648,0,0
5,30,30,10,10,1656,0,0
5,30,30,10,10,1664,0,0
5,30,30,10,10,1672,0,0
5,30,30,10,10,1680,0,0
