sid,A,B,C,D,Vth
0,25,30,12,40,0
0,25,30,12,40,3
0,25,30,12,40,6
0,25,30,12,40,9
0,25,30,12,40,12
0,25,30,12,40,15
0,25,30,12,40,18
0,25,30,12,40,21
0,25,30,12,40,24
0,25,30,12,40,27
0,25,30,12,40,30
0,25,30,12,40,33
0,25,30,12,40,36
0,25,30,12,40,39
0,25,30,12,40,42
0,25,30,12,40,45
0,25,30,12,40,48
0,25,30,12,40,51
0,25,30,12,40,54
0,25,30,12,40,57
0,25,30,12,40,60
0,25,30,12,40,63
0,25,30,12,40,66
0,25,30,12,40,69
0,25,30,12,40,72
0,25,30,12,40,75
0,25,30,12,40,78
0,25,30,12,40,81
0,25,30,12,40,84
0,25,30,12,40,87
0,25,30,12,40,90
0,25,30,12,40,93
0,25,30,12,40,96
0,25,30,12,40,98
0,25,30,12,40,99
0,25,30,12,40,100
0,25,30,12,40,101
0,25,30,12,40,102
0,25,30,12,40,103
0,25,30,12,40,104
0,25,30,12,40,105
0,25,30,12,40,106
0,25,30,12,40,107
0,25,30,12,40,108
0,25,30,12,40,109
0,25,30,12,40,110
0,25,30,12,40,111
0,25,30,12,40,112
0,25,30,12,40,113
0,25,30,12,40,114
0,25,30,12,40,115
0,25,30,12,40,116
0,25,30,12,40,117
0,25,30,12,40,118
0,25,30,12,40,119
0,25,30,12,40,120
0,25,30,12,40,121
0,25,30,12,40,122
0,25,30,12,40,123
0,25,30,12,40,124
0,25,30,12,40,125
0,25,30,12,40,126
0,25,30,12,40,127
0,25,30,12,40,128
0,25,30,12,40,129
0,25,30,12,40,130
0,25,30,12,40,131
0,25,30,12,40,132
0,25,30,12,40,133
0,25,30,12,40,134
0,25,30,12,40,135
0,25,30,12,40,136
0,25,30,12,40,137
0,25,30,12,40,138
0,25,30,12,40,139
0,25,30,12,40,140
0,25,30,12,40,141
0,25,30,12,40,142
0,25,30,12,40,143
0,25,30,12,40,144
0,25,30,12,40,145
0,25,30,12,40,146
0,25,30,12,40,147
0,25,30,12,40,148
0,25,30,12,40,149
0,25,30,12,40,150
0,25,30,12,40,151
0,25,30,12,40,152
0,25,30,12,40,153
0,25,30,12,40,154
0,25,30,12,40,155
0,25,30,12,40,156
0,25,30,12,40,157
0,25,30,12,40,158
0,25,30,12,40,159
0,25,30,12,40,160
0,25,30,12,40,161
0,25,30,12,40,162
0,25,30,12,40,163
0,25,30,12,40,164
0,25,30,12,40,165
0,25,30,12,40,166
0,25,30,12,40,167
0,25,30,12,40,168
0,25,30,12,40,169
0,25,30,12,40,170
0,25,30,12,40,171
0,25,30,12,40,172
0,25,30,12,40,173
0,25,30,12,40,174
0,25,30,12,40,175
0,25,30,12,40,176
0,25,30,12,40,177
0,25,30,12,40,178
0,25,30,12,40,179
0,25,30,12,40,180
0,25,30,12,40,181
0,25,30,12,40,182
0,25,30,12,40,183
0,25,30,12,40,184
0,25,30,12,40,185
0,25,30,12,40,186
0,25,30,12,40,187
0,25,30,12,40,188
0,25,30,12,40,189
0,25,30,12,40,190
0,25,30,12,40,191
0,25,30,12,40,192
0,25,30,12,40,193
0,25,30,12,40,194
0,25,30,12,40,195
0,25,30,12,40,196
0,25,30,12,40,197
0,25,30,12,40,198
0,25,30,12,40,199
0,25,30,12,40,200
0,25,30,12,40,201
0,25,30,12,40,202
0,25,30,12,40,203
0,25,30,12,40,204
0,25,30,12,40,205
0,25,30,12,40,206
0,25,30,12,40,207
0,25,30,12,40,208
0,25,30,12,40,209
0,25,30,12,40,210
0,25,30,12,40,211
0,25,30,12,40,212
0,25,30,12,40,213
0,25,30,12,40,214
0,25,30,12,40,215
0,25,30,12,40,216
0,25,30,12,40,217
0,25,30,12,40,218
0,25,30,12,40,219
0,25,30,12,40,220
0,25,30,12,40,221
0,25,30,12,40,222
0,25,30,12,40,223
0,25,30,12,40,224
0,25,30,12,40,225
0,25,30,12,40,226
0,25,30,12,40,227
0,25,30,12,40,228
0,25,30,12,40,229
0,25,30,12,40,230
0,25,30,12,40,231
0,25,30,12,40,232
0,25,30,12,40,233
0,25,30,12,40,234
0,25,30,12,40,235
0,25,30,12,40,236
0,25,30,12,40,237
0,25,30,12,40,238
0,25,30,12,40,239
0,25,30,12,40,240
0,25,30,12,40,241
0,25,30,12,40,242
0,25,30,12,40,243
0,25,30,12,40,244
0,25,30,12,40,245
0,25,30,12,40,246
0,25,30,12,40,247
0,25,30,12,40,248
0,25,30,12,40,249
0,25,30,12,40,250
0,25,30,12,40,251
0,25,30,12,40,252
0,25,30,12,40,253
0,25,30,12,40,254
0,25,30,12,40,255
0,25,30,12,40,256
0,25,30,12,40,257
0,25,30,12,40,258
0,25,30,12,40,259
0,25,30,12,40,260
0,25,30,12,40,261
0,25,30,12,40,262
0,25,30,12,40,263
0,25,30,12,40,264
0,25,30,12,40,265
0,25,30,12,40,266
0,25,30,12,40,267
0,25,30,12,40,268
0,25,30,12,40,269
0,25,30,12,40,270
0,25,30,12,40,271
0,25,30,12,40,272
0,25,30,12,40,273
0,25,30,12,40,274
0,25,30,12,40,275
0,25,30,12,40,276
0,25,30,12,40,277
0,25,30,12,40,278
0,25,30,12,40,279
0,25,30,12,40,280
0,25,30,12,40,281
0,25,30,12,40,282
0,25,30,12,40,283
0,25,30,12,40,284
0,25,30,12,40,285
0,25,30,12,40,286
0,25,30,12,40,287
0,25,30,12,40,288
0,25,30,12,40,289
0,25,30,12,40,290
0,25,30,12,40,291
0,25,30,12,40,292
0,25,30,12,40,293
0,25,30,12,40,294
0,25,30,12,40,295
0,25,30,12,40,296
0,25,30,12,40,297
0,25,30,12,40,298
0,25,30,12,40,299
0,25,30,12,40,300
0,25,30,12,40,303
0,25,30,12,40,306
0,25,30,12,40,309
0,25,30,12,40,312
0,25,30,12,40,315
0,25,30,12,40,318
0,25,30,12,40,321
0,25,30,12,40,324
0,25,30,12,40,327
0,25,30,12,40,330
0,25,30,12,40,333
0,25,30,12,40,336
0,25,30,12,40,339
0,25,30,12,40,342
0,25,30,12,40,345
0,25,30,12,40,348
0,25,30,12,40,351
0,25,30,12,40,354
0,25,30,12,40,357
0,25,30,12,40,360
0,25,30,12,40,363
0,25,30,12,40,366
0,25,30,12,40,369
0,25,30,12,40,372
0,25,30,12,40,375
0,25,30,12,40,378
0,25,30,12,40,381
0,25,30,12,40,384
0,25,30,12,40,387
0,25,30,12,40,390
0,25,30,12,40,393
0,25,30,12,40,396
0,25,30,12,40,399
0,25,30,12,40,402
0,25,30,12,40,405
0,25,30,12,40,408
0,25,30,12,40,411
0,25,30,12,40,414
0,25,30,12,40,417
0,25,30,12,40,420
0,25,30,12,40,423
0,25,30,12,40,426
0,25,30,12,40,429
0,25,30,12,40,432
0,25,30,12,40,435
0,25,30,12,40,438
0,25,30,12,40,441
0,25,30,12,40,444
0,25,30,12,40,447
0,25,30,12,40,450
0,25,30,12,40,453
0,25,30,12,40,456
0,25,30,12,40,459
0,25,30,12,40,462
0,25,30,12,40,465
0,25,30,12,40,468
0,25,30,12,40,471
0,25,30,12,40,474
0,25,30,12,40,477
0,25,30,12,40,480
0,25,30,12,40,483
0,25,30,12,40,486
0,25,30,12,40,489
0,25,30,12,40,492
0,25,30,12,40,495
0,25,30,12,40,498
0,25,30,12,40,501
0,25,30,12,40,504
0,25,30,12,40,507
0,25,30,12,40,510
0,25,30,12,40,513
0,25,30,12,40,516
0,25,30,12,40,519
0,25,30,12,40,522
0,25,30,12,40,525
0,25,30,12,40,528
0,25,30,12,40,531
0,25,30,12,40,534
0,25,30,12,40,537
0,25,30,12,40,540
0,25,30,12,40,543
0,25,30,12,40,546
0,25,30,12,40,549
0,25,30,12,40,552
0,25,30,12,40,555
0,25,30,12,40,558
0,25,30,12,40,561
0,25,30,12,40,564
0,25,30,12,40,567
0,25,30,12,40,570
0,25,30,12,40,573
0,25,30,12,40,576
0,25,30,12,40,579
0,25,30,12,40,582
0,25,30,12,40,585
0,25,30,12,40,588
0,25,30,12,40,591
0,25,30,12,40,594
0,25,30,12,40,597
0,25,30,12,40,600
0,25,30,12,40,603
0,25,30,12,40,606
0,25,30,12,40,609
0,25,30,12,40,612
0,25,30,12,40,615
0,25,30,12,40,618
1,8,8,5,5,0
1,8,8,5,5,1
1,8,8,5,5,2
1,8,8,5,5,3
1,8,8,5,5,4
1,8,8,5,5,5
1,8,8,5,5,6
1,8,8,5,5,7
1,8,8,5,5,8
1,8,8,5,5,9
1,8,8,5,5,10
1,8,8,5,5,11
1,8,8,5,5,12
1,8,8,5,5,13
1,8,8,5,5,14
1,8,8,5,5,15
1,8,8,5,5,16
1,8,8,5,5,17
1,8,8,5,5,18
1,8,8,5,5,19
1,8,8,5,5,20
1,8,8,5,5,21
1,8,8,5,5,22
1,8,8,5,5,23
1,8,8,5,5,24
1,8,8,5,5,25
1,8,8,5,5,26
1,8,8,5,5,27
1,8,8,5,5,28
1,8,8,5,5,29
1,8,8,5,5,30
1,8,8,5,5,31
1,8,8,5,5,32
1,8,8,5,5,33
1,8,8,5,5,34
1,8,8,5,5,35
1,8,8,5,5,36
1,8,8,5,5,37
1,8,8,5,5,38
1,8,8,5,5,39
1,8,8,5,5,40
1,8,8,5,5,41
1,8,8,5,5,42
1,8,8,5,5,43
1,8,8,5,5,44
1,8,8,5,5,45
1,8,8,5,5,46
1,8,8,5,5,47
1,8,8,5,5,48
1,8,8,5,5,49
1,8,8,5,5,50
1,8,8,5,5,51
1,8,8,5,5,52
1,8,8,5,5,53
1,8,8,5,5,54
1,8,8,5,5,55
1,8,8,5,5,56
1,8,8,5,5,57
1,8,8,5,5,58
1,8,8,5,5,59
1,8,8,5,5,60
1,8,8,5,5,61
1,8,8,5,5,62
1,8,8,5,5,63
1,8,8,5,5,64
1,8,8,5,5,65
1,8,8,5,5,66
1,8,8,5,5,67
1,8,8,5,5,68
1,8,8,5,5,69
1,8,8,5,5,70
1,8,8,5,5,71
1,8,8,5,5,72
1,8,8,5,5,73
1,8,8,5,5,74
1,8,8,5,5,75
1,8,8,5,5,76
1,8,8,5,5,77
1,8,8,5,5,78
1,8,8,5,5,79
1,8,8,5,5,80
1,8,8,5,5,81
1,8,8,5,5,82
1,8,8,5,5,83
1,8,8,5,5,84
1,8,8,5,5,85
1,8,8,5,5,86
1,8,8,5,5,87
1,8,8,5,5,88
1,8,8,5,5,89
1,8,8,5,5,90
1,8,8,5,5,91
1,8,8,5,5,92
1,8,8,5,5,93
1,8,8,5,5,94
1,8,8,5,5,95
1,8,8,5,5,96
1,8,8,5,5,97
1,8,8,5,5,98
1,8,8,5,5,99
1,8,8,5,5,100
1,8,8,5,5,101
1,8,8,5,5,102
1,8,8,5,5,103
1,8,8,5,5,104
1,8,8,5,5,105
1,8,8,5,5,106
1,8,8,5,5,107
1,8,8,5,5,108
1,8,8,5,5,109
1,8,8,5,5,110
1,8,8,5,5,111
1,8,8,5,5,112
1,8,8,5,5,113
1,8,8,5,5,114
1,8,8,5,5,115
1,8,8,5,5,116
1,8,8,5,5,117
1,8,8,5,5,118
1,8,8,5,5,119
1,8,8,5,5,120
1,8,8,5,5,121
1,8,8,5,5,122
1,8,8,5,5,123
1,8,8,5,5,124
1,8,8,5,5,125
1,8,8,5,5,126
1,8,8,5,5,127
1,8,8,5,5,128
1,8,8,5,5,129
1,8,8,5,5,130
1,8,8,5,5,131
1,8,8,5,5,132
1,8,8,5,5,133
1,8,8,5,5,134
1,8,8,5,5,135
1,8,8,5,5,136
1,8,8,5,5,137
1,8,8,5,5,138
1,8,8,5,5,139
1,8,8,5,5,140
1,8,8,5,5,141
1,8,8,5,5,142
1,8,8,5,5,143
1,8,8,5,5,144
1,8,8,5,5,145
1,8,8,5,5,146
1,8,8,5,5,147
1,8,8,5,5,148
1,8,8,5,5,149
1,8,8,5,5,150
1,8,8,5,5,151
1,8,8,5,5,152
1,8,8,5,5,153
1,8,8,5,5,154
1,8,8,5,5,155
1,8,8,5,5,156
1,8,8,5,5,157
1,8,8,5,5,158
2,50,50,20,20,0
2,50,50,20,20,21
2,50,50,20,20,42
2,50,50,20,20,63
2,50,50,20,20,84
2,50,50,20,20,105
2,50,50,20,20,126
2,50,50,20,20,147
2,50,50,20,20,168
2,50,50,20,20,189
2,50,50,20,20,210
2,50,50,20,20,231
2,50,50,20,20,252
2,50,50,20,20,273
2,50,50,20,20,294
2,50,50,20,20,315
2,50,50,20,20,336
2,50,50,20,20,357
2,50,50,20,20,378
2,50,50,20,20,399
2,50,50,20,20,420
2,50,50,20,20,441
2,50,50,20,20,462
2,50,50,20,20,483
2,50,50,20,20,504
2,50,50,20,20,525
2,50,50,20,20,546
2,50,50,20,20,567
2,50,50,20,20,588
2,50,50,20,20,609
2,50,50,20,20,630
2,50,50,20,20,651
2,50,50,20,20,672
2,50,50,20,20,693
2,50,50,20,20,714
2,50,50,20,20,735
2,50,50,20,20,756
2,50,50,20,20,777
2,50,50,20,20,798
2,50,50,20,20,819
2,50,50,20,20,840
2,50,50,20,20,861
2,50,50,20,20,882
2,50,50,20,20,903
2,50,50,20,20,924
2,50,50,20,20,945
2,50,50,20,20,966
2,50,50,20,20,987
2,50,50,20,20,1008
2,50,50,20,20,1029
2,50,50,20,20,1050
2,50,50,20,20,1071
2,50,50,20,20,1092
2,50,50,20,20,1113
2,50,50,20,20,1134
2,50,50,20,20,1155
2,50,50,20,20,1176
2,50,50,20,20,1197
2,50,50,20,20,1218
2,50,50,20,20,1239
2,50,50,20,20,1260
2,50,50,20,20,1281
2,50,50,20,20,1302
2,50,50,20,20,1323
2,50,50,20,20,1344
2,50,50,20,20,1365
2,50,50,20,20,1386
2,50,50,20,20,1407
2,50,50,20,20,1428
2,50,50,20,20,1449
2,50,50,20,20,1470
2,50,50,20,20,1491
2,50,50,20,20,1512
2,50,50,20,20,1533
2,50,50,20,20,1554
2,50,50,20,20,1575
2,50,50,20,20,1596
2,50,50,20,20,1617
2,50,50,20,20,1638
2,50,50,20,20,1659
2,50,50,20,20,1680
2,50,50,20,20,1701
2,50,50,20,20,1722
2,50,50,20,20,1743
2,50,50,20,20,1762
2,50,50,20,20,1763
2,50,50,20,20,1764
2,50,50,20,20,1765
2,50,50,20,20,1766
2,50,50,20,20,1767
2,50,50,20,20,1768
2,50,50,20,20,1769
2,50,50,20,20,1770
2,50,50,20,20,1771
2,50,50,20,20,1772
2,50,50,20,20,1773
2,50,50,20,20,1774
2,50,50,20,20,1775
2,50,50,20,20,1776
2,50,50,20,20,1777
2,50,50,20,20,1778
2,50,50,20,20,1779
2,50,50,20,20,1780
2,50,50,20,20,1781
2,50,50,20,20,1782
2,50,50,20,20,1783
2,50,50,20,20,1784
2,50,50,20,20,1785
2,50,50,20,20,1786
2,50,50,20,20,1787
2,50,50,20,20,1788
2,50,50,20,20,1789
2,50,50,20,20,1790
2,50,50,20,20,1791
2,50,50,20,20,1792
2,50,50,20,20,1793
2,50,50,20,20,1794
2,50,50,20,20,1795
2,50,50,20,20,1796
2,50,50,20,20,1797
2,50,50,20,20,1798
2,50,50,20,20,1799
2,50,50,20,20,1800
2,50,50,20,20,1801
2,50,50,20,20,1802
2,50,50,20,20,1803
2,50,50,20,20,1804
2,50,50,20,20,1805
2,50,50,20,20,1806
2,50,50,20,20,1807
2,50,50,20,20,1808
2,50,50,20,20,1809
2,50,50,20,20,1810
2,50,50,20,20,1811
2,50,50,20,20,1812
2,50,50,20,20,1813
2,50,50,20,20,1814
2,50,50,20,20,1815
2,50,50,20,20,1816
2,50,50,20,20,1817
2,50,50,20,20,1818
2,50,50,20,20,1819
2,50,50,20,20,1820
2,50,50,20,20,1821
2,50,50,20,20,1822
2,50,50,20,20,1823
2,50,50,20,20,1824
2,50,50,20,20,1825
2,50,50,20,20,1826
2,50,50,20,20,1827
2,50,50,20,20,1828
2,50,50,20,20,1829
2,50,50,20,20,1830
2,50,50,20,20,1831
2,50,50,20,20,1832
2,50,50,20,20,1833
2,50,50,20,20,1834
2,50,50,20,20,1835
2,50,50,20,20,1836
2,50,50,20,20,1837
2,50,50,20,20,1838
2,50,50,20,20,1839
2,50,50,20,20,1840
2,50,50,20,20,1841
2,50,50,20,20,1842
2,50,50,20,20,1843
2,50,50,20,20,1844
2,50,50,20,20,1845
2,50,50,20,20,1846
2,50,50,20,20,1847
2,50,50,20,20,1848
2,50,50,20,20,1849
2,50,50,20,20,1850
2,50,50,20,20,1851
2,50,50,20,20,1852
2,50,50,20,20,1853
2,50,50,20,20,1854
2,50,50,20,20,1855
2,50,50,20,20,1856
2,50,50,20,20,1857
2,50,50,20,20,1858
2,50,50,20,20,1859
2,50,50,20,20,1860
2,50,50,20,20,1861
2,50,50,20,20,1862
2,50,50,20,20,1863
2,50,50,20,20,1864
2,50,50,20,20,1865
2,50,50,20,20,1866
2,50,50,20,20,1867
2,50,50,20,20,1868
2,50,50,20,20,1869
2,50,50,20,20,1870
2,50,50,20,20,1871
2,50,50,20,20,1872
2,50,50,20,20,1873
2,50,50,20,20,1874
2,50,50,20,20,1875
2,50,50,20,20,1876
2,50,50,20,20,1877
2,50,50,20,20,1878
2,50,50,20,20,1879
2,50,50,20,20,1880
2,50,50,20,20,1881
2,50,50,20,20,1882
2,50,50,20,20,1883
2,50,50,20,20,1884
2,50,50,20,20,1885
2,50,50,20,20,1886
2,50,50,20,20,1887
2,50,50,20,20,1888
2,50,50,20,20,1889
2,50,50,20,20,1890
2,50,50,20,20,1891
2,50,50,20,20,1892
2,50,50,20,20,1893
2,50,50,20,20,1894
2,50,50,20,20,1895
2,50,50,20,20,1896
2,50,50,20,20,1897
2,50,50,20,20,1898
2,50,50,20,20,1899
2,50,50,20,20,1900
2,50,50,20,20,1901
2,50,50,20,20,1902
2,50,50,20,20,1903
2,50,50,20,20,1904
2,50,50,20,20,1905
2,50,50,20,20,1906
2,50,50,20,20,1907
2,50,50,20,20,1908
2,50,50,20,20,1909
2,50,50,20,20,1910
2,50,50,20,20,1911
2,50,50,20,20,1912
2,50,50,20,20,1913
2,50,50,20,20,1914
2,50,50,20,20,1915
2,50,50,20,20,1916
2,50,50,20,20,1917
2,50,50,20,20,1918
2,50,50,20,20,1919
2,50,50,20,20,1920
2,50,50,20,20,1921
2,50,50,20,20,1922
2,50,50,20,20,1923
2,50,50,20,20,1924
2,50,50,20,20,1925
2,50,50,20,20,1926
2,50,50,20,20,1927
2,50,50,20,20,1928
2,50,50,20,20,1929
2,50,50,20,20,1930
2,50,50,20,20,1931
2,50,50,20,20,1932
2,50,50,20,20,1933
2,50,50,20,20,1934
2,50,50,20,20,1935
2,50,50,20,20,1936
2,50,50,20,20,1937
2,50,50,20,20,1938
2,50,50,20,20,1939
2,50,50,20,20,1940
2,50,50,20,20,1941
2,50,50,20,20,1942
2,50,50,20,20,1943
2,50,50,20,20,1944
2,50,50,20,20,1945
2,50,50,20,20,1946
2,50,50,20,20,1947
2,50,50,20,20,1948
2,50,50,20,20,1949
2,50,50,20,20,1950
2,50,50,20,20,1951
2,50,50,20,20,1952
2,50,50,20,20,1953
2,50,50,20,20,1954
2,50,50,20,20,1955
2,50,50,20,20,1956
2,50,50,20,20,1957
2,50,50,20,20,1958
2,50,50,20,20,1959
2,50,50,20,20,1960
2,50,50,20,20,1961
2,50,50,20,20,1962
2,50,50,20,20,1963
2,50,50,20,20,1964
2,50,50,20,20,1965
2,50,50,20,20,1966
2,50,50,20,20,1967
2,50,50,20,20,1968
2,50,50,20,20,1969
2,50,50,20,20,1970
2,50,50,20,20,1971
2,50,50,20,20,1972
2,50,50,20,20,1973
2,50,50,20,20,1974
2,50,50,20,20,1975
2,50,50,20,20,1976
2,50,50,20,20,1977
2,50,50,20,20,1978
2,50,50,20,20,1979
2,50,50,20,20,1980
2,50,50,20,20,1981
2,50,50,20,20,1982
2,50,50,20,20,1983
2,50,50,20,20,1984
2,50,50,20,20,1985
2,50,50,20,20,1986
2,50,50,20,20,1987
2,50,50,20,20,1988
2,50,50,20,20,1989
2,50,50,20,20,1990
2,50,50,20,20,1991
2,50,50,20,20,1992
2,50,50,20,20,1993
2,50,50,20,20,1994
2,50,50,20,20,1995
2,50,50,20,20,1996
2,50,50,20,20,1997
2,50,50,20,20,1998
2,50,50,20,20,1999
2,50,50,20,20,2000
2,50,50,20,20,2001
2,50,50,20,20,2002
2,50,50,20,20,2003
2,50,50,20,20,2004
2,50,50,20,20,2005
2,50,50,20,20,2006
2,50,50,20,20,2007
2,50,50,20,20,2008
2,50,50,20,20,2009
2,50,50,20,20,2010
2,50,50,20,20,2011
2,50,50,20,20,2012
2,50,50,20,20,2013
2,50,50,20,20,2014
2,50,50,20,20,2015
2,50,50,20,20,2016
2,50,50,20,20,2017
2,50,50,20,20,2018
2,50,50,20,20,2019
2,50,50,20,20,2020
2,50,50,20,20,2021
2,50,50,20,20,2022
2,50,50,20,20,2023
2,50,50,20,20,2024
2,50,50,20,20,2025
2,50,50,20,20,2026
2,50,50,20,20,2027
2,50,50,20,20,2028
2,50,50,20,20,2029
2,50,50,20,20,2030
2,50,50,20,20,2031
2,50,50,20,20,2032
2,50,50,20,20,2033
2,50,50,20,20,2034
2,50,50,20,20,2035
2,50,50,20,20,2036
2,50,50,20,20,2037
2,50,50,20,20,2038
2,50,50,20,20,2039
2,50,50,20,20,2040
2,50,50,20,20,2041
2,50,50,20,20,2042
2,50,50,20,20,2043
2,50,50,20,20,2044
2,50,50,20,20,2045
2,50,50,20,20,2046
2,50,50,20,20,2047
2,50,50,20,20,2048
2,50,50,20,20,2049
2,50,50,20,20,2050
2,50,50,20,20,2051
2,50,50,20,20,2052
2,50,50,20,20,2053
2,50,50,20,20,2054
2,50,50,20,20,2055
2,50,50,20,20,2056
2,50,50,20,20,2057
2,50,50,20,20,2058
2,50,50,20,20,2059
2,50,50,20,20,2060
2,50,50,20,20,2061
2,50,50,20,20,2062
2,50,50,20,20,2063
2,50,50,20,20,2064
2,50,50,20,20,2065
2,50,50,20,20,2066
2,50,50,20,20,2067
2,50,50,20,20,2068
2,50,50,20,20,2069
2,50,50,20,20,2070
2,50,50,20,20,2071
2,50,50,20,20,2072
2,50,50,20,20,2073
2,50,50,20,20,2074
2,50,50,20,20,2075
2,50,50,20,20,2076
2,50,50,20,20,2077
2,50,50,20,20,2078
2,50,50,20,20,2079
2,50,50,20,20,2080
2,50,50,20,20,2081
2,50,50,20,20,2082
2,50,50,20,20,2083
2,50,50,20,20,2084
2,50,50,20,20,2085
2,50,50,20,20,2086
2,50,50,20,20,2087
2,50,50,20,20,2088
2,50,50,20,20,2089
2,50,50,20,20,2090
2,50,50,20,20,2091
2,50,50,20,20,2092
2,50,50,20,20,2093
2,50,50,20,20,2094
2,50,50,20,20,2095
2,50,50,20,20,2096
2,50,50,20,20,2097
2,50,50,20,20,2098
2,50,50,20,20,2099
2,50,50,20,20,2100
2,50,50,20,20,2101
2,50,50,20,20,2102
2,50,50,20,20,2103
2,50,50,20,20,2104
2,50,50,20,20,2105
2,50,50,20,20,2106
2,50,50,20,20,2107
2,50,50,20,20,2108
2,50,50,20,20,2109
2,50,50,20,20,2110
2,50,50,20,20,2111
2,50,50,20,20,2112
2,50,50,20,20,2113
2,50,50,20,20,2114
2,50,50,20,20,2115
2,50,50,20,20,2116
2,50,50,20,20,2117
2,50,50,20,20,2118
2,50,50,20,20,2119
2,50,50,20,20,2120
2,50,50,20,20,2121
2,50,50,20,20,2122
2,50,50,20,20,2123
2,50,50,20,20,2124
2,50,50,20,20,2125
2,50,50,20,20,2126
2,50,50,20,20,2127
2,50,50,20,20,2128
2,50,50,20,20,2129
2,50,50,20,20,2130
2,50,50,20,20,2142
2,50,50,20,20,2163
2,50,50,20,20,2184
2,50,50,20,20,2205
2,50,50,20,20,2226
2,50,50,20,20,2247
2,50,50,20,20,2268
2,50,50,20,20,2289
2,50,50,20,20,2310
2,50,50,20,20,2331
2,50,50,20,20,2352
2,50,50,20,20,2373
2,50,50,20,20,2394
2,50,50,20,20,2415
2,50,50,20,20,2436
2,50,50,20,20,2457
2,50,50,20,20,2478
2,50,50,20,20,2499
2,50,50,20,20,2520
2,50,50,20,20,2541
2,50,50,20,20,2562
2,50,50,20,20,2583
2,50,50,20,20,2604
2,50,50,20,20,2625
2,50,50,20,20,2646
2,50,50,20,20,2667
2,50,50,20,20,2688
2,50,50,20,20,2709
2,50,50,20,20,2730
2,50,50,20,20,2751
2,50,50,20,20,2772
2,50,50,20,20,2793
2,50,50,20,20,2814
2,50,50,20,20,2835
2,50,50,20,20,2856
2,50,50,20,20,2877
2,50,50,20,20,2898
2,50,50,20,20,2919
2,50,50,20,20,2940
2,50,50,20,20,2961
2,50,50,20,20,2982
2,50,50,20,20,3003
2,50,50,20,20,3024
2,50,50,20,20,3045
2,50,50,20,20,3066
2,50,50,20,20,3087
2,50,50,20,20,3108
2,50,50,20,20,3129
2,50,50,20,20,3150
2,50,50,20,20,3171
2,50,50,20,20,3192
2,50,50,20,20,3213
2,50,50,20,20,3234
2,50,50,20,20,3255
2,50,50,20,20,3276
2,50,50,20,20,3297
2,50,50,20,20,3318
2,50,50,20,20,3339
2,50,50,20,20,3360
2,50,50,20,20,3381
2,50,50,20,20,3402
2,50,50,20,20,3423
2,50,50,20,20,3444
2,50,50,20,20,3465
2,50,50,20,20,3486
2,50,50,20,20,3507
2,50,50,20,20,3528
2,50,50,20,20,3549
2,50,50,20,20,3570
2,50,50,20,20,3591
2,50,50,20,20,3612
2,50,50,20,20,3633
2,50,50,20,20,3654
2,50,50,20,20,3675
2,50,50,20,20,3696
2,50,50,20,20,3717
2,50,50,20,20,3738
2,50,50,20,20,3759
2,50,50,20,20,3780
2,50,50,20,20,3801
2,50,50,20,20,3822
2,50,50,20,20,3843
2,50,50,20,20,3864
2,50,50,20,20,3885
2,50,50,20,20,3906
2,50,50,20,20,3927
2,50,50,20,20,3948
2,50,50,20,20,3969
2,50,50,20,20,3990
2,50,50,20,20,4011
2,50,50,20,20,4032
2,50,50,20,20,4053
2,50,50,20,20,4074
2,50,50,20,20,4095
2,50,50,20,20,4116
2,50,50,20,20,4137
2,50,50,20,20,4158
2,50,50,20,20,4179
2,50,50,20,20,4200
2,50,50,20,20,4221
2,50,50,20,20,4242
2,50,50,20,20,4263
3,3,3,3,3,0
3,3,3,3,3,1
3,3,3,3,3,2
3,3,3,3,3,3
3,3,3,3,3,4
3,3,3,3,3,5
3,3,3,3,3,6
3,3,3,3,3,7
3,3,3,3,3,8
3,3,3,3,3,9
3,3,3,3,3,10
3,3,3,3,3,11
3,3,3,3,3,12
3,3,3,3,3,13
3,3,3,3,3,14
3,3,3,3,3,15
3,3,3,3,3,16
3,3,3,3,3,17
3,3,3,3,3,18
3,3,3,3,3,19
3,3,3,3,3,20
3,3,3,3,3,21
3,3,3,3,3,22
3,3,3,3,3,23
3,3,3,3,3,24
3,3,3,3,3,25
3,3,3,3,3,26
3,3,3,3,3,27
3,3,3,3,3,28
3,3,3,3,3,29
3,3,3,3,3,30
3,3,3,3,3,31
3,3,3,3,3,32
3,3,3,3,3,33
3,3,3,3,3,34
3,3,3,3,3,35
3,3,3,3,3,36
3,3,3,3,3,37
3,3,3,3,3,38
3,3,3,3,3,39
3,3,3,3,3,40
3,3,3,3,3,41
3,3,3,3,3,42
3,3,3,3,3,43
3,3,3,3,3,44
3,3,3,3,3,45
3,3,3,3,3,46
3,3,3,3,3,47
3,3,3,3,3,48
3,3,3,3,3,49
3,3,3,3,3,50
3,3,3,3,3,51
3,3,3,3,3,52
3,3,3,3,3,53
3,3,3,3,3,54
3,3,3,3,3,55
3,3,3,3,3,56
3,3,3,3,3,57
3,3,3,3,3,58
3,3,3,3,3,59
3,3,3,3,3,60
3,3,3,3,3,61
3,3,3,3,3,62
3,3,3,3,3,63
3,3,3,3,3,64
3,3,3,3,3,65
3,3,3,3,3,66
3,3,3,3,3,67
3,3,3,3,3,68
3,3,3,3,3,69
3,3,3,3,3,70
3,3,3,3,3,71
3,3,3,3,3,72
3,3,3,3,3,73
3,3,3,3,3,74
3,3,3,3,3,75
3,3,3,3,3,76
3,3,3,3,3,77
3,3,3,3,3,78
3,3,3,3,3,79
3,3,3,3,3,80
4,40,40,10,10,0
4,40,40,10,10,15
4,40,40,10,10,30
4,40,40,10,10,45
4,40,40,10,10,60
4,40,40,10,10,75
4,40,40,10,10,90
4,40,40,10,10,105
4,40,40,10,10,120
4,40,40,10,10,135
4,40,40,10,10,150
4,40,40,10,10,165
4,40,40,10,10,180
4,40,40,10,10,195
4,40,40,10,10,210
4,40,40,10,10,225
4,40,40,10,10,240
4,40,40,10,10,255
4,40,40,10,10,270
4,40,40,10,10,285
4,40,40,10,10,300
4,40,40,10,10,315
4,40,40,10,10,330
4,40,40,10,10,345
4,40,40,10,10,360
4,40,40,10,10,375
4,40,40,10,10,390
4,40,40,10,10,405
4,40,40,10,10,420
4,40,40,10,10,435
4,40,40,10,10,450
4,40,40,10,10,465
4,40,40,10,10,480
4,40,40,10,10,495
4,40,40,10,10,510
4,40,40,10,10,525
4,40,40,10,10,540
4,40,40,10,10,555
4,40,40,10,10,570
4,40,40,10,10,585
4,40,40,10,10,600
4,40,40,10,10,615
4,40,40,10,10,630
4,40,40,10,10,645
4,40,40,10,10,660
4,40,40,10,10,675
4,40,40,10,10,690
4,40,40,10,10,705
4,40,40,10,10,720
4,40,40,10,10,735
4,40,40,10,10,750
4,40,40,10,10,765
4,40,40,10,10,780
4,40,40,10,10,795
4,40,40,10,10,810
4,40,40,10,10,825
4,40,40,10,10,840
4,40,40,10,10,855
4,40,40,10,10,870
4,40,40,10,10,885
4,40,40,10,10,900
4,40,40,10,10,915
4,40,40,10,10,930
4,40,40,10,10,945
4,40,40,10,10,960
4,40,40,10,10,975
4,40,40,10,10,990
4,40,40,10,10,1005
4,40,40,10,10,1020
4,40,40,10,10,1035
4,40,40,10,10,1050
4,40,40,10,10,1065
4,40,40,10,10,1080
4,40,40,10,10,1095
4,40,40,10,10,1110
4,40,40,10,10,1125
4,40,40,10,10,1140
4,40,40,10,10,1155
4,40,40,10,10,1170
4,40,40,10,10,1185
4,40,40,10,10,1200
4,40,40,10,10,1215
4,40,40,10,10,1230
4,40,40,10,10,1245
4,40,40,10,10,1260
4,40,40,10,10,1275
4,40,40,10,10,1290
4,40,40,10,10,1305
4,40,40,10,10,1320
4,40,40,10,10,1335
4,40,40,10,10,1350
4,40,40,10,10,1365
4,40,40,10,10,1380
4,40,40,10,10,1395
4,40,40,10,10,1410
4,40,40,10,10,1425
4,40,40,10,10,1440
4,40,40,10,10,1455
4,40,40,10,10,1470
4,40,40,10,10,1471
4,40,40,10,10,1472
4,40,40,10,10,1473
4,40,40,10,10,1474
4,40,40,10,10,1475
4,40,40,10,10,1476
4,40,40,10,10,1477
4,40,40,10,10,1478
4,40,40,10,10,1479
4,40,40,10,10,1480
4,40,40,10,10,1481
4,40,40,10,10,1482
4,40,40,10,10,1483
4,40,40,10,10,1484
4,40,40,10,10,1485
4,40,40,10,10,1486
4,40,40,10,10,1487
4,40,40,10,10,1488
4,40,40,10,10,1489
4,40,40,10,10,1490
4,40,40,10,10,1491
4,40,40,10,10,1492
4,40,40,10,10,1493
4,40,40,10,10,1494
4,40,40,10,10,1495
4,40,40,10,10,1496
4,40,40,10,10,1497
4,40,40,10,10,1498
4,40,40,10,10,1499
4,40,40,10,10,1500
4,40,40,10,10,1501
4,40,40,10,10,1502
4,40,40,10,10,1503
4,40,40,10,10,1504
4,40,40,10,10,1505
4,40,40,10,10,1506
4,40,40,10,10,1507
4,40,40,10,10,1508
4,40,40,10,10,1509
4,40,40,10,10,1510
4,40,40,10,10,1511
4,40,40,10,10,1512
4,40,40,10,10,1513
4,40,40,10,10,1514
4,40,40,10,10,1515
4,40,40,10,10,1516
4,40,40,10,10,1517
4,40,40,10,10,1518
4,40,40,10,10,1519
4,40,40,10,10,1520
4,40,40,10,10,1521
4,40,40,10,10,1522
4,40,40,10,10,1523
4,40,40,10,10,1524
4,40,40,10,10,1525
4,40,40,10,10,1526
4,40,40,10,10,1527
4,40,40,10,10,1528
4,40,40,10,10,1529
4,40,40,10,10,1530
4,40,40,10,10,1531
4,40,40,10,10,1532
4,40,40,10,10,1533
4,40,40,10,10,1534
4,40,40,10,10,1535
4,40,40,10,10,1536
4,40,40,10,10,1537
4,40,40,10,10,1538
4,40,40,10,10,1539
4,40,40,10,10,1540
4,40,40,10,10,1541
4,40,40,10,10,1542
4,40,40,10,10,1543
4,40,40,10,10,1544
4,40,40,10,10,1545
4,40,40,10,10,1546
4,40,40,10,10,1547
4,40,40,10,10,1548
4,40,40,10,10,1549
4,40,40,10,10,1550
4,40,40,10,10,1551
4,40,40,10,10,1552
4,40,40,10,10,1553
4,40,40,10,10,1554
4,40,40,10,10,1555
4,40,40,10,10,1556
4,40,40,10,10,1557
4,40,40,10,10,1558
4,40,40,10,10,1559
4,40,40,10,10,1560
4,40,40,10,10,1561
4,40,40,10,10,1562
4,40,40,10,10,1563
4,40,40,10,10,1564
4,40,40,10,10,1565
4,40,40,10,10,1566
4,40,40,10,10,1575
4,40,40,10,10,1590
4,40,40,10,10,1605
4,40,40,10,10,1620
4,40,40,10,10,1635
4,40,40,10,10,1650
4,40,40,10,10,1665
4,40,40,10,10,1680
4,40,40,10,10,1695
4,40,40,10,10,1710
4,40,40,10,10,1725
4,40,40,10,10,1740
4,40,40,10,10,1755
4,40,40,10,10,1770
4,40,40,10,10,1785
4,40,40,10,10,1800
4,40,40,10,10,1815
4,40,40,10,10,1830
4,40,40,10,10,1845
4,40,40,10,10,1860
4,40,40,10,10,1875
4,40,40,10,10,1890
4,40,40,10,10,1905
4,40,40,10,10,1920
4,40,40,10,10,1935
4,40,40,10,10,1950
4,40,40,10,10,1965
4,40,40,10,10,1980
4,40,40,10,10,1995
4,40,40,10,10,2010
4,40,40,10,10,2025
4,40,40,10,10,2040
4,40,40,10,10,2055
4,40,40,10,10,2070
4,40,40,10,10,2085
4,40,40,10,10,2100
4,40,40,10,10,2115
4,40,40,10,10,2130
4,40,40,10,10,2145
4,40,40,10,10,2160
4,40,40,10,10,2175
4,40,40,10,10,2190
4,40,40,10,10,2205
4,40,40,10,10,2220
4,40,40,10,10,2235
4,40,40,10,10,2250
4,40,40,10,10,2265
4,40,40,10,10,2280
4,40,40,10,10,2295
4,40,40,10,10,2310
4,40,40,10,10,2325
4,40,40,10,10,2340
4,40,40,10,10,2355
4,40,40,10,10,2370
4,40,40,10,10,2385
4,40,40,10,10,2400
4,40,40,10,10,2415
4,40,40,10,10,2430
4,40,40,10,10,2445
4,40,40,10,10,2460
4,40,40,10,10,2475
4,40,40,10,10,2490
4,40,40,10,10,2505
4,40,40,10,10,2520
4,40,40,10,10,2535
4,40,40,10,10,2550
4,40,40,10,10,2565
4,40,40,10,10,2580
4,40,40,10,10,2595
4,40,40,10,10,2610
4,40,40,10,10,2625
4,40,40,10,10,2640
4,40,40,10,10,2655
4,40,40,10,10,2670
4,40,40,10,10,2685
4,40,40,10,10,2700
4,40,40,10,10,2715
4,40,40,10,10,2730
4,40,40,10,10,2745
4,40,40,10,10,2760
4,40,40,10,10,2775
4,40,40,10,10,2790
4,40,40,10,10,2805
4,40,40,10,10,2820
4,40,40,10,10,2835
4,40,40,10,10,2850
4,40,40,10,10,2865
4,40,40,10,10,2880
4,40,40,10,10,2895
4,40,40,10,10,2910
4,40,40,10,10,2925
4,40,40,10,10,2940
4,40,40,10,10,2955
4,40,40,10,10,2970
4,40,40,10,10,2985
4,40,40,10,10,3000
4,40,40,10,10,3015
4,40,40,10,10,3030
4,40,40,10,10,3045
4,40,40,10,10,3060
4,40,40,10,10,3075
5,30,30,10,10,0
5,30,30,10,10,8
5,30,30,10,10,16
5,30,30,10,10,24
5,30,30,10,10,32
5,30,30,10,10,40
5,30,30,10,10,48
5,30,30,10,10,56
5,30,30,10,10,64
5,30,30,10,10,72
5,30,30,10,10,80
5,30,30,10,10,88
5,30,30,10,10,96
5,30,30,10,10,104
5,30,30,10,10,112
5,30,30,10,10,120
5,30,30,10,10,128
5,30,30,10,10,136
5,30,30,10,10,144
5,30,30,10,10,152
5,30,30,10,10,160
5,30,30,10,10,168
5,30,30,10,10,176
5,30,30,10,10,184
5,30,30,10,10,192
5,30,30,10,10,200
5,30,30,10,10,208
5,30,30,10,10,216
5,30,30,10,10,224
5,30,30,10,10,232
5,30,30,10,10,240
5,30,30,10,10,248
5,30,30,10,10,256
5,30,30,10,10,264
5,30,30,10,10,272
5,30,30,10,10,280
5,30,30,10,10,288
5,30,30,10,10,296
5,30,30,10,10,304
5,30,30,10,10,312
5,30,30,10,10,320
5,30,30,10,10,328
5,30,30,10,10,336
5,30,30,10,10,344
5,30,30,10,10,352
5,30,30,10,10,360
5,30,30,10,10,368
5,30,30,10,10,376
5,30,30,10,10,384
5,30,30,10,10,392
5,30,30,10,10,400
5,30,30,10,10,408
5,30,30,10,10,416
5,30,30,10,10,424
5,30,30,10,10,432
5,30,30,10,10,440
5,30,30,10,10,448
5,30,30,10,10,456
5,30,30,10,10,464
5,30,30,10,10,472
5,30,30,10,10,480
5,30,30,10,10,488
5,30,30,10,10,496
5,30,30,10,10,504
5,30,30,10,10,512
5,30,30,10,10,520
5,30,30,10,10,528
5,30,30,10,10,536
5,30,30,10,10,544
5,30,30,10,10,552
5,30,30,10,10,560
5,30,30,10,10,568
5,30,30,10,10,576
5,30,30,10,10,584
5,30,30,10,10,592
5,30,30,10,10,600
5,30,30,10,10,608
5,30,30,10,10,610
5,30,30,10,10,611
5,30,30,10,10,612
5,30,30,10,10,613
5,30,30,10,10,614
5,30,30,10,10,615
5,30,30,10,10,616
5,30,30,10,10,617
5,30,30,10,10,618
5,30,30,10,10,619
5,30,30,10,10,620
5,30,30,10,10,621
5,30,30,10,10,622
5,30,30,10,10,623
5,30,30,10,10,624
5,30,30,10,10,625
5,30,30,10,10,626
5,30,30,10,10,627
5,30,30,10,10,628
5,30,30,10,10,629
5,30,30,10,10,630
5,30,30,10,10,631
5,30,30,10,10,632
5,30,30,10,10,633
5,30,30,10,10,634
5,30,30,10,10,635
5,30,30,10,10,636
5,30,30,10,10,637
5,30,30,10,10,638
5,30,30,10,10,639
5,30,30,10,10,640
5,30,30,10,10,641
5,30,30,10,10,642
5,30,30,10,10,643
5,30,30,10,10,644
5,30,30,10,10,645
5,30,30,10,10,646
5,30,30,10,10,647
5,30,30,10,10,648
5,30,30,10,10,649
5,30,30,10,10,650
5,30,30,10,10,651
5,30,30,10,10,652
5,30,30,10,10,653
5,30,30,10,10,654
5,30,30,10,10,655
5,30,30,10,10,656
5,30,30,10,10,657
5,30,30,10,10,658
5,30,30,10,10,659
5,30,30,10,10,660
5,30,30,10,10,661
5,30,30,10,10,662
5,30,30,10,10,663
5,30,30,10,10,664
5,30,30,10,10,665
5,30,30,10,10,666
5,30,30,10,10,667
5,30,30,10,10,668
5,30,30,10,10,669
5,30,30,10,10,670
5,30,30,10,10,671
5,30,30,10,10,672
5,30,30,10,10,673
5,30,30,10,10,674
5,30,30,10,10,675
5,30,30,10,10,676
5,30,30,10,10,677
5,30,30,10,10,678
5,30,30,10,10,679
5,30,30,10,10,680
5,30,30,10,10,681
5,30,30,10,10,682
5,30,30,10,10,683
5,30,30,10,10,684
5,30,30,10,10,685
5,30,30,10,10,686
5,30,30,10,10,687
5,30,30,10,10,688
5,30,30,10,10,689
5,30,30,10,10,690
5,30,30,10,10,691
5,30,30,10,10,692
5,30,30,10,10,693
5,30,30,10,10,694
5,30,30,10,10,695
5,30,30,10,10,696
5,30,30,10,10,697
5,30,30,10,10,698
5,30,30,10,10,699
5,30,30,10,10,700
5,30,30,10,10,701
5,30,30,10,10,702
5,30,30,10,10,703
5,30,30,10,10,704
5,30,30,10,10,705
5,30,30,10,10,706
5,30,30,10,10,707
5,30,30,10,10,708
5,30,30,10,10,709
5,30,30,10,10,710
5,30,30,10,10,711
5,30,30,10,10,712
5,30,30,10,10,713
5,30,30,10,10,714
5,30,30,10,10,715
5,30,30,10,10,716
5,30,30,10,10,717
5,30,30,10,10,718
5,30,30,10,10,719
5,30,30,10,10,720
5,30,30,10,10,721
5,30,30,10,10,722
5,30,30,10,10,723
5,30,30,10,10,724
5,30,30,10,10,725
5,30,30,10,10,726
5,30,30,10,10,727
5,30,30,10,10,728
5,30,30,10,10,729
5,30,30,10,10,730
5,30,30,10,10,731
5,30,30,10,10,732
5,30,30,10,10,733
5,30,30,10,10,734
5,30,30,10,10,735
5,30,30,10,10,736
5,30,30,10,10,737
5,30,30,10,10,738
5,30,30,10,10,739
5,30,30,10,10,740
5,30,30,10,10,741
5,30,30,10,10,742
5,30,30,10,10,743
5,30,30,10,10,744
5,30,30,10,10,745
5,30,30,10,10,746
5,30,30,10,10,747
5,30,30,10,10,748
5,30,30,10,10,749
5,30,30,10,10,750
5,30,30,10,10,751
5,30,30,10,10,752
5,30,30,10,10,753
5,30,30,10,10,754
5,30,30,10,10,755
5,30,30,10,10,756
5,30,30,10,10,757
5,30,30,10,10,758
5,30,30,10,10,759
5,30,30,10,10,760
5,30,30,10,10,761
5,30,30,10,10,762
5,30,30,10,10,763
5,30,30,10,10,764
5,30,30,10,10,765
5,30,30,10,10,766
5,30,30,10,10,767
5,30,30,10,10,768
5,30,30,10,10,769
5,30,30,10,10,770
5,30,30,10,10,771
5,30,30,10,10,772
5,30,30,10,10,773
5,30,30,10,10,774
5,30,30,10,10,775
5,30,30,10,10,776
5,30,30,10,10,777
5,30,30,10,10,778
5,30,30,10,10,779
5,30,30,10,10,780
5,30,30,10,10,781
5,30,30,10,10,782
5,30,30,10,10,783
5,30,30,10,10,784
5,30,30,10,10,785
5,30,30,10,10,786
5,30,30,10,10,787
5,30,30,10,10,788
5,30,30,10,10,789
5,30,30,10,10,790
5,30,30,10,10,791
5,30,30,10,10,792
5,30,30,10,10,793
5,30,30,10,10,794
5,30,30,10,10,795
5,30,30,10,10,796
5,30,30,10,10,797
5,30,30,10,10,798
5,30,30,10,10,799
5,30,30,10,10,800
5,30,30,10,10,801
5,30,30,10,10,802
5,30,30,10,10,803
5,30,30,10,10,804
5,30,30,10,10,805
5,30,30,10,10,806
5,30,30,10,10,807
5,30,30,10,10,808
5,30,30,10,10,809
5,30,30,10,10,810
5,30,30,10,10,811
5,30,30,10,10,812
5,30,30,10,10,813
5,30,30,10,10,814
5,30,30,10,10,815
5,30,30,10,10,816
5,30,30,10,10,817
5,30,30,10,10,818
5,30,30,10,10,819
5,30,30,10,10,820
5,30,30,10,10,821
5,30,30,10,10,822
5,30,30,10,10,823
5,30,30,10,10,824
5,30,30,10,10,825
5,30,30,10,10,826
5,30,30,10,10,827
5,30,30,10,10,828
5,30,30,10,10,829
5,30,30,10,10,830
5,30,30,10,10,832
5,30,30,10,10,840
5,30,30,10,10,848
5,30,30,10,10,856
5,30,30,10,10,864
5,30,30,10,10,872
5,30,30,10,10,880
5,30,30,10,10,888
5,30,30,10,10,896
5,30,30,10,10,904
5,30,30,10,10,912
5,30,30,10,10,920
5,30,30,10,10,928
5,30,30,10,10,936
5,30,30,10,10,944
5,30,30,10,10,952
5,30,30,10,10,960
5,30,30,10,10,968
5,30,30,10,10,976
5,30,30,10,10,984
5,30,30,10,10,992
5,30,30,10,10,1000
5,30,30,10,10,1008
5,30,30,10,10,1016
5,30,30,10,10,1024
5,30,30,10,10,1032
5,30,30,10,10,1040
5,30,30,10,10,1048
5,30,30,10,10,1056
5,30,30,10,10,1064
5,30,30,10,10,1072
5,30,30,10,10,1080
5,30,30,10,10,1088
5,30,30,10,10,1096
5,30,30,10,10,1104
5,30,30,10,10,1112
5,30,30,10,10,1120
5,30,30,10,10,1128
5,30,30,10,10,1136
5,30,30,10,10,1144
5,30,30,10,10,1152
5,30,30,10,10,1160
5,30,30,10,10,1168
5,30,30,10,10,1176
5,30,30,10,10,1184
5,30,30,10,10,1192
5,30,30,10,10,1200
5,30,30,10,10,1208
5,30,30,10,10,1216
5,30,30,10,10,1224
5,30,30,10,10,1232
5,30,30,10,10,1240
5,30,30,10,10,1248
5,30,30,10,10,1256
5,30,30,10,10,1264
5,30,30,10,10,1272
5,30,30,10,10,1280
5,30,30,10,10,1288
5,30,30,10,10,1296
5,30,30,10,10,1304
5,30,30,10,10,1312
5,30,30,10,10,1320
5,30,30,10,10,1328
5,30,30,10,10,1336
5,30,30,10,10,1344
5,30,30,10,10,1352
5,30,30,10,10,1360
5,30,30,10,10,1368
5,30,30,10,10,1376
5,30,30,10,10,1384
5,30,30,10,10,1392
5,30,30,10,10,1400
5,30,30,10,10,1408
5,30,30,10,10,1416
5,30,30,10,10,1424
5,30,30,10,10,1432
5,30,30,10,10,1440
5,30,30,10,10,1448
5,30,30,10,10,1456
5,30,30,10,10,1464
5,30,30,10,10,1472
5,30,30,10,10,1480
5,30,30,10,10,1488
5,30,30,10,10,1496
5,30,30,10,10,1504
5,30,30,10,10,1512
5,30,30,10,10,1520
5,30,30,10,10,1528
5,30,30,10,10,1536
5,30,30,10,10,1544
5,30,30,10,10,1552
5,30,30,10,10,1560
5,30,30,10,10,1568
5,30,30,10,10,1576
5,30,30,10,10,1584
5,30,30,10,10,1592
5,30,30,10,10,1600
5,30,30,10,10,1608
5,30,30,10,10,1616
5,30,30,10,10,1624
5,30,30,10,10,1632
5,30,30,10,10,1640
5,30,30,10,10,1648
5,30,30,10,10,1656
5,30,30,10,10,1664
5,30,30,10,10,1672
5,30,30,10,10,1680
